VideoID,Title,UploadDate,Views,Likes,Dislikes,Comments
VID00000,A Day in Mumbai #427,2020-10-19,1786130,50183,2988,33059
VID00001,South Indian Breakfast Recipes #313,2023-04-03,1883076,185339,19739,45142
VID00002,Top 10 Indian Street Foods #498,2020-03-25,118655,2749,348,1523
VID00003,IPL 2025 Final Highlights #401,2023-05-06,93547,9197,1249,2207
VID00004,UPSC Preparation Tips #288,2024-03-25,1177642,115688,22499,8791
VID00005,UPSC Preparation Tips #498,2023-06-19,4111022,211124,35688,31217
VID00006,Cricket Bat Review #222,2020-05-07,1254803,57532,3374,17989
VID00007,South Indian Breakfast Recipes #259,2020-11-07,2813185,137499,20601,68841
VID00008,Cricket Bat Review #31,2023-04-05,3763360,246983,30431,52698
VID00009,UPSC Preparation Tips #42,2020-04-25,1511441,110873,16520,35100
VID00010,Learn Python in Hindi #330,2022-08-30,2795992,60979,9721,60608
VID00011,Top 10 Indian Street Foods #330,2021-07-01,4723937,180550,9095,79825
VID00012,UPSC Preparation Tips #268,2022-10-25,803437,62870,5102,19705
VID00013,Cricket Bat Review #174,2022-03-03,82022,6697,276,2004
VID00014,A Day in Mumbai #115,2023-11-07,3584982,180619,9861,104135
VID00015,Learn Python in Hindi #419,2022-03-09,2799753,89361,11287,34974
VID00016,Indian Train Journey Vlog #341,2020-07-02,1767771,83442,4296,24881
VID00017,IPL 2025 Final Highlights #97,2022-07-09,1269763,126852,17612,38053
VID00018,Cricket Bat Review #330,2022-01-22,2922701,244911,25919,84018
VID00019,UPSC Preparation Tips #5,2023-02-05,3308125,129017,20064,87397
VID00020,Bollywood Dance Tutorial #284,2022-01-06,3043291,242915,15830,78544
VID00021,Bollywood Dance Tutorial #344,2023-10-29,1204427,65123,2909,15393
VID00022,IPL 2025 Final Highlights #91,2023-09-11,1708528,90205,9251,22698
VID00023,Learn Python in Hindi #474,2021-11-04,2736061,148878,3366,40896
VID00024,IPL 2025 Final Highlights #341,2024-05-10,4169928,199737,39418,44538
VID00025,IPL 2025 Final Highlights #43,2020-11-13,325332,30996,3548,3053
VID00026,Cricket Bat Review #86,2022-09-05,4152965,254161,21799,99637
VID00027,UPSC Preparation Tips #488,2021-05-21,2956934,209876,12303,53847
VID00028,UPSC Preparation Tips #462,2022-07-24,4802633,283762,7233,109204
VID00029,How to Make Paneer Tikka #179,2020-04-17,3230596,313833,22246,93477
VID00030,South Indian Breakfast Recipes #364,2022-11-02,2740877,225850,27452,35698
VID00031,Cricket Bat Review #438,2022-09-28,986706,46964,4706,12536
VID00032,Cricket Bat Review #73,2024-03-01,4080204,129241,24148,120869
VID00033,Cricket Bat Review #342,2024-04-25,4762390,347610,5143,141593
VID00034,A Day in Mumbai #320,2024-04-28,1019359,42035,7272,9740
VID00035,Indian Train Journey Vlog #175,2023-11-16,550877,43204,5099,12279
VID00036,IPL 2025 Final Highlights #78,2020-10-07,4929150,108683,5394,130343
VID00037,UPSC Preparation Tips #125,2022-01-12,1571451,147042,12055,10955
VID00038,A Day in Mumbai #296,2021-01-27,3306328,315523,27311,70963
VID00039,Bollywood Dance Tutorial #106,2022-07-10,728804,42664,5849,5612
VID00040,IPL 2025 Final Highlights #83,2024-11-16,1451684,54449,10501,40776
VID00041,IPL 2025 Final Highlights #241,2020-04-22,4826713,201813,26714,128473
VID00042,How to Make Paneer Tikka #148,2024-07-12,2522191,90138,17889,49933
VID00043,How to Make Paneer Tikka #198,2023-10-07,2962449,132645,8093,54235
VID00044,Top 10 Indian Street Foods #367,2021-02-06,2240458,178172,30829,54359
VID00045,Bollywood Dance Tutorial #328,2022-10-08,4184392,246350,48074,56715
VID00046,UPSC Preparation Tips #195,2020-01-31,3705633,324223,5615,52934
VID00047,Indian Train Journey Vlog #402,2023-07-21,1689998,109113,15828,48682
VID00048,Top 10 Indian Street Foods #203,2024-05-05,2749401,101061,6761,50860
VID00049,Bollywood Dance Tutorial #133,2024-02-26,2021336,167050,5829,28842
VID00050,UPSC Preparation Tips #482,2020-11-24,4311272,134274,5576,62923
VID00051,A Day in Mumbai #217,2023-02-16,3286856,248993,21124,31340
VID00052,UPSC Preparation Tips #361,2022-01-28,3537657,190330,3880,37112
VID00053,Top 10 Indian Street Foods #393,2020-04-24,3844398,353199,49390,114308
VID00054,UPSC Preparation Tips #421,2023-10-31,267532,14263,561,7657
VID00055,Indian Train Journey Vlog #120,2020-07-17,2523478,223731,2982,30165
VID00056,South Indian Breakfast Recipes #499,2023-09-20,1315221,37120,2527,36319
VID00057,Top 10 Indian Street Foods #52,2024-01-15,833052,73041,8575,10705
VID00058,Cricket Bat Review #220,2022-07-11,2698621,82931,1179,68976
VID00059,UPSC Preparation Tips #242,2021-05-12,2479494,208102,19982,24436
VID00060,Learn Python in Hindi #28,2023-07-29,2311006,97019,11421,32366
VID00061,Learn Python in Hindi #483,2023-03-11,3903752,375580,11659,105971
VID00062,South Indian Breakfast Recipes #122,2020-09-12,3984601,221179,4049,25811
VID00063,Cricket Bat Review #318,2023-12-03,4644520,242699,42615,68887
VID00064,Top 10 Indian Street Foods #186,2023-01-22,4688737,132718,22380,88791
VID00065,Learn Python in Hindi #306,2023-05-05,2431966,201525,35779,47612
VID00066,A Day in Mumbai #493,2021-04-02,275809,25131,3962,3768
VID00067,How to Make Paneer Tikka #173,2021-08-08,4659910,177306,15724,129124
VID00068,Top 10 Indian Street Foods #290,2021-11-26,2198241,101263,4133,39265
VID00069,Top 10 Indian Street Foods #466,2024-08-11,2555233,76239,13909,24652
VID00070,Top 10 Indian Street Foods #128,2022-02-12,1019645,74743,10084,13768
VID00071,Learn Python in Hindi #250,2023-05-30,931940,76546,9176,23388
VID00072,UPSC Preparation Tips #140,2021-12-02,4431197,380579,58400,131009
VID00073,Top 10 Indian Street Foods #373,2020-11-09,3740659,323677,34896,59454
VID00074,IPL 2025 Final Highlights #420,2021-07-08,926538,38009,4533,6799
VID00075,UPSC Preparation Tips #374,2021-08-02,3279904,325711,18362,84003
VID00076,Cricket Bat Review #144,2024-05-07,1276530,64072,4495,12333
VID00077,UPSC Preparation Tips #378,2022-09-27,4392684,371889,59347,117803
VID00078,Bollywood Dance Tutorial #92,2021-01-31,4018423,248417,46717,48507
VID00079,Learn Python in Hindi #298,2023-11-27,483441,25150,717,12016
VID00080,IPL 2025 Final Highlights #131,2024-10-21,2552550,115373,23045,48818
VID00081,South Indian Breakfast Recipes #79,2021-07-26,3440819,110995,21085,51573
VID00082,A Day in Mumbai #288,2023-02-07,89294,8868,713,974
VID00083,IPL 2025 Final Highlights #185,2022-11-02,4976014,181678,11759,36967
VID00084,IPL 2025 Final Highlights #27,2022-08-09,4462238,399068,63820,45279
VID00085,Top 10 Indian Street Foods #307,2024-06-21,2186846,63410,6083,46023
VID00086,Learn Python in Hindi #420,2023-03-29,4202402,354143,15554,115577
VID00087,Cricket Bat Review #295,2021-07-11,1198826,73661,9087,31122
VID00088,A Day in Mumbai #332,2023-07-19,1587107,146826,22667,24936
VID00089,How to Make Paneer Tikka #259,2021-01-01,556783,20737,2983,13948
VID00090,Indian Train Journey Vlog #100,2022-07-12,3657169,343965,62732,87251
VID00091,Top 10 Indian Street Foods #349,2020-05-10,1139724,75085,5428,23258
VID00092,Top 10 Indian Street Foods #178,2024-03-12,1802406,109576,11891,36128
VID00093,UPSC Preparation Tips #57,2022-03-14,511444,37278,5894,4456
VID00094,How to Make Paneer Tikka #185,2020-09-13,4868338,270160,10593,70060
VID00095,How to Make Paneer Tikka #483,2020-08-13,605623,13734,1917,16226
VID00096,Learn Python in Hindi #184,2023-03-02,121797,12123,1843,1190
VID00097,Bollywood Dance Tutorial #33,2021-08-20,1859328,103654,15825,54546
VID00098,IPL 2025 Final Highlights #172,2023-05-23,1184636,79340,3917,28157
VID00099,IPL 2025 Final Highlights #488,2022-11-15,1239606,54951,5495,33264
VID00100,Indian Train Journey Vlog #256,2024-05-01,554501,24392,2088,10261
VID00101,South Indian Breakfast Recipes #488,2021-05-28,3458162,206378,38455,74983
VID00102,UPSC Preparation Tips #319,2023-09-29,3855599,232752,15222,43327
VID00103,UPSC Preparation Tips #341,2020-03-16,1463337,43168,1350,34797
VID00104,UPSC Preparation Tips #491,2023-12-15,2763386,106308,16453,82578
VID00105,Cricket Bat Review #440,2024-03-21,3842957,110115,18821,41418
VID00106,Learn Python in Hindi #33,2022-09-04,1741744,131894,21267,37822
VID00107,IPL 2025 Final Highlights #437,2024-06-19,3824449,306715,41327,61800
VID00108,UPSC Preparation Tips #305,2020-10-04,1851854,134520,6464,30532
VID00109,Top 10 Indian Street Foods #120,2024-07-23,4823867,403624,59884,68629
VID00110,How to Make Paneer Tikka #227,2021-04-14,1001954,20504,1006,15684
VID00111,A Day in Mumbai #324,2022-02-06,2375776,74997,3032,16244
VID00112,A Day in Mumbai #450,2021-04-11,1318599,124534,4424,14437
VID00113,Learn Python in Hindi #263,2023-04-26,961264,44081,2193,24828
VID00114,Cricket Bat Review #465,2023-09-29,3698938,368898,17431,73215
VID00115,Cricket Bat Review #380,2023-11-22,2287351,76147,10948,66044
VID00116,Learn Python in Hindi #491,2022-10-02,381202,7937,444,4995
VID00117,Bollywood Dance Tutorial #430,2024-08-16,4362412,212547,29654,129381
VID00118,South Indian Breakfast Recipes #448,2021-04-24,1739955,88552,14951,25871
VID00119,Bollywood Dance Tutorial #151,2020-06-15,4461259,110299,2345,56788
VID00120,Bollywood Dance Tutorial #153,2021-04-05,2242190,54318,791,59245
VID00121,Cricket Bat Review #385,2020-07-22,2082029,119477,16505,43710
VID00122,A Day in Mumbai #164,2024-04-16,3877879,212413,10731,19455
VID00123,How to Make Paneer Tikka #390,2023-02-01,1585334,117304,20490,34881
VID00124,A Day in Mumbai #339,2022-02-04,3456437,317824,48905,31618
VID00125,Cricket Bat Review #309,2024-11-13,4926375,386635,20305,54065
VID00126,IPL 2025 Final Highlights #132,2024-07-29,3127232,210093,11452,45092
VID00127,A Day in Mumbai #314,2021-06-07,1300459,39231,5624,16586
VID00128,Cricket Bat Review #154,2021-12-26,4018514,248294,22981,52885
VID00129,Indian Train Journey Vlog #358,2021-11-19,1111579,46177,9001,10651
VID00130,How to Make Paneer Tikka #497,2022-03-27,2304961,194789,31019,19099
VID00131,Top 10 Indian Street Foods #155,2023-02-25,560369,39785,5815,10803
VID00132,How to Make Paneer Tikka #446,2023-07-05,3863802,196302,24899,40228
VID00133,Indian Train Journey Vlog #479,2023-10-02,2839961,69400,10843,64660
VID00134,Cricket Bat Review #475,2023-03-15,4914382,159238,13008,89631
VID00135,Cricket Bat Review #393,2020-11-17,2081428,151138,15693,39576
VID00136,UPSC Preparation Tips #74,2023-05-26,1335989,64960,7723,38946
VID00137,IPL 2025 Final Highlights #429,2022-02-13,4036446,352234,10905,80386
VID00138,Bollywood Dance Tutorial #21,2020-10-06,3430687,150376,20208,97608
VID00139,How to Make Paneer Tikka #195,2024-08-25,2888511,130379,20648,58553
VID00140,UPSC Preparation Tips #46,2024-09-18,4101698,271996,52736,98969
VID00141,How to Make Paneer Tikka #362,2021-10-19,4770468,320236,7198,82266
VID00142,IPL 2025 Final Highlights #430,2023-03-14,4338026,203985,22885,106940
VID00143,UPSC Preparation Tips #271,2023-04-16,4285302,362673,60243,109470
VID00144,Indian Train Journey Vlog #170,2023-05-28,582198,53780,10152,15728
VID00145,How to Make Paneer Tikka #353,2022-08-04,2837265,279631,3161,31750
VID00146,How to Make Paneer Tikka #137,2020-02-25,501555,49755,1462,4974
VID00147,A Day in Mumbai #360,2023-10-09,2001264,50250,2472,17379
VID00148,Cricket Bat Review #350,2024-05-20,1373775,39577,5772,12827
VID00149,South Indian Breakfast Recipes #199,2023-12-22,1316853,87949,12391,26916
VID00150,How to Make Paneer Tikka #338,2024-03-12,4532561,277213,44474,43996
VID00151,Top 10 Indian Street Foods #14,2022-01-20,3447138,285704,23767,26430
VID00152,A Day in Mumbai #292,2022-08-18,4286591,286750,35742,124673
VID00153,UPSC Preparation Tips #426,2023-05-20,3279377,155796,6863,87518
VID00154,Cricket Bat Review #498,2024-04-02,4660059,270985,13387,118670
VID00155,Bollywood Dance Tutorial #370,2023-11-14,3768342,351718,15899,73402
VID00156,UPSC Preparation Tips #469,2022-08-28,4074469,390109,9580,23149
VID00157,Bollywood Dance Tutorial #173,2022-04-25,1098236,35912,793,21157
VID00158,Bollywood Dance Tutorial #54,2022-12-23,3042878,126338,15253,61282
VID00159,UPSC Preparation Tips #22,2023-06-04,4552682,324581,29614,25447
VID00160,Cricket Bat Review #463,2023-03-03,3755383,274079,43622,55344
VID00161,UPSC Preparation Tips #188,2022-03-06,543337,42223,5917,4225
VID00162,How to Make Paneer Tikka #24,2022-10-03,2488142,120316,19195,15092
VID00163,How to Make Paneer Tikka #75,2022-08-20,1880235,89358,7769,37173
VID00164,Top 10 Indian Street Foods #55,2020-07-03,2640875,184250,36360,19258
VID00165,Indian Train Journey Vlog #383,2021-11-13,2400388,117761,12048,55866
VID00166,Top 10 Indian Street Foods #60,2020-07-01,2845780,178277,17135,44341
VID00167,How to Make Paneer Tikka #242,2024-02-16,1197282,87788,14517,25415
VID00168,IPL 2025 Final Highlights #122,2022-08-31,2187646,144272,24265,30451
VID00169,South Indian Breakfast Recipes #268,2024-01-24,4808827,369946,21196,121066
VID00170,UPSC Preparation Tips #410,2021-06-27,1401615,67705,2806,39044
VID00171,Cricket Bat Review #99,2021-07-11,2694825,72877,12586,73124
VID00172,Indian Train Journey Vlog #264,2024-08-23,4025721,395042,28693,56811
VID00173,Top 10 Indian Street Foods #126,2024-02-01,1847887,153926,29708,44930
VID00174,Learn Python in Hindi #17,2024-09-08,4957272,255446,46612,61353
VID00175,Learn Python in Hindi #195,2023-10-03,2641277,132000,16955,78930
VID00176,Indian Train Journey Vlog #356,2021-12-24,2677116,233744,11164,75676
VID00177,A Day in Mumbai #280,2024-06-10,4427800,102770,13010,46478
VID00178,Indian Train Journey Vlog #27,2021-01-20,894423,66999,8065,25628
VID00179,South Indian Breakfast Recipes #268,2023-02-25,2879769,228022,15523,23858
VID00180,Top 10 Indian Street Foods #477,2020-04-12,770173,59405,8932,13185
VID00181,Learn Python in Hindi #30,2020-10-03,2823233,259300,27962,14556
VID00182,Cricket Bat Review #114,2024-09-06,2957447,239285,41724,63731
VID00183,How to Make Paneer Tikka #382,2023-11-04,4177650,164925,21555,114196
VID00184,A Day in Mumbai #423,2022-07-05,1278363,96391,17388,10227
VID00185,Bollywood Dance Tutorial #209,2023-02-21,4089582,382220,30447,67705
VID00186,How to Make Paneer Tikka #307,2020-02-01,1138215,28828,5453,23427
VID00187,South Indian Breakfast Recipes #77,2021-08-02,1064760,33384,4161,15508
VID00188,Bollywood Dance Tutorial #129,2024-01-05,1871605,46807,5039,23369
VID00189,Top 10 Indian Street Foods #28,2021-09-09,3375506,262396,34451,32368
VID00190,Cricket Bat Review #207,2020-11-02,435792,25115,845,12407
VID00191,How to Make Paneer Tikka #193,2023-05-10,632251,21955,3567,18412
VID00192,A Day in Mumbai #377,2023-06-29,1518889,55162,3054,14895
VID00193,Indian Train Journey Vlog #146,2023-10-14,4317749,155290,27763,95654
VID00194,IPL 2025 Final Highlights #436,2021-09-01,2333811,135025,17439,42142
VID00195,UPSC Preparation Tips #406,2024-03-09,647310,29473,1951,10443
VID00196,Indian Train Journey Vlog #315,2022-04-16,1124082,94826,2969,24182
VID00197,How to Make Paneer Tikka #232,2023-02-27,2962737,174152,5997,76686
VID00198,Bollywood Dance Tutorial #396,2023-07-07,65224,5218,940,362
VID00199,Cricket Bat Review #350,2023-01-15,3180699,312285,59799,71138
VID00200,Cricket Bat Review #49,2023-10-23,3478819,337707,38787,33511
VID00201,A Day in Mumbai #172,2021-07-06,1436105,112757,7878,9654
VID00202,South Indian Breakfast Recipes #450,2020-11-25,4154489,388501,35697,112281
VID00203,IPL 2025 Final Highlights #268,2024-01-02,4585133,350496,14634,36947
VID00204,Bollywood Dance Tutorial #290,2021-12-25,1530864,145562,6974,36807
VID00205,IPL 2025 Final Highlights #53,2020-03-24,4523027,442957,27972,58129
VID00206,Indian Train Journey Vlog #221,2022-11-14,64939,1401,25,909
VID00207,Cricket Bat Review #29,2020-10-10,1835938,46788,3392,15786
VID00208,South Indian Breakfast Recipes #6,2022-07-06,3892985,109169,13848,96253
VID00209,Learn Python in Hindi #349,2021-08-22,4021948,323267,61215,28905
VID00210,A Day in Mumbai #448,2022-06-10,2633023,85999,11369,41058
VID00211,IPL 2025 Final Highlights #80,2020-11-14,3503773,129352,22720,83216
VID00212,Top 10 Indian Street Foods #141,2022-09-18,4044942,232230,29092,98118
VID00213,Bollywood Dance Tutorial #226,2024-07-14,4740783,116394,13922,102601
VID00214,How to Make Paneer Tikka #51,2021-08-30,1270454,63805,4084,14787
VID00215,South Indian Breakfast Recipes #106,2020-07-30,4007252,316235,11472,79967
VID00216,Indian Train Journey Vlog #419,2021-05-16,4178388,321881,46452,79193
VID00217,Learn Python in Hindi #123,2021-11-30,1478348,96510,15704,16794
VID00218,Indian Train Journey Vlog #260,2020-04-08,2967608,275142,20117,61675
VID00219,South Indian Breakfast Recipes #17,2023-05-03,136796,12414,328,711
VID00220,South Indian Breakfast Recipes #172,2024-03-17,4557909,340620,14536,45761
VID00221,Indian Train Journey Vlog #72,2024-07-24,191175,4919,508,1357
VID00222,Indian Train Journey Vlog #421,2021-03-22,3232369,273047,5293,92349
VID00223,Cricket Bat Review #84,2022-06-24,3683784,277864,19772,77099
VID00224,UPSC Preparation Tips #319,2024-04-26,3485799,343968,15614,60862
VID00225,South Indian Breakfast Recipes #114,2020-01-18,422935,15657,3026,11309
VID00226,Indian Train Journey Vlog #26,2023-07-05,4417906,280097,52727,34071
VID00227,How to Make Paneer Tikka #47,2020-02-21,3272581,169696,7512,83158
VID00228,Top 10 Indian Street Foods #455,2024-09-10,1857443,82673,12467,32165
VID00229,IPL 2025 Final Highlights #324,2023-01-08,2519221,147364,16708,38997
VID00230,How to Make Paneer Tikka #451,2023-01-01,1474753,98376,9316,35443
VID00231,Top 10 Indian Street Foods #284,2022-08-22,2212900,186356,28979,46120
VID00232,How to Make Paneer Tikka #296,2020-07-06,4294393,324941,20227,122887
VID00233,Top 10 Indian Street Foods #134,2022-05-24,483676,17781,1744,8720
VID00234,A Day in Mumbai #393,2021-10-09,2777432,139285,21372,70251
VID00235,How to Make Paneer Tikka #353,2024-01-04,2146043,83448,13121,39225
VID00236,South Indian Breakfast Recipes #370,2021-11-28,3368739,257169,8503,62948
VID00237,Learn Python in Hindi #99,2021-05-25,1383440,110802,14026,29111
VID00238,UPSC Preparation Tips #241,2020-06-09,3818751,132541,25089,94493
VID00239,Top 10 Indian Street Foods #189,2020-02-02,1907558,80050,1264,42836
VID00240,Learn Python in Hindi #57,2022-12-05,3906550,303077,9598,60826
VID00241,Indian Train Journey Vlog #441,2020-06-11,1904799,113402,2230,34364
VID00242,IPL 2025 Final Highlights #91,2022-04-08,74484,6487,785,1303
VID00243,UPSC Preparation Tips #133,2020-04-06,4518359,103875,19707,43827
VID00244,South Indian Breakfast Recipes #160,2023-12-20,3220462,187952,2153,43044
VID00245,Learn Python in Hindi #146,2022-05-24,4124322,372258,27276,120165
VID00246,Bollywood Dance Tutorial #225,2022-03-23,4149763,154496,7279,121375
VID00247,Top 10 Indian Street Foods #105,2022-10-19,1637829,136319,21131,47531
VID00248,Learn Python in Hindi #419,2024-04-18,3116471,203066,38432,52990
VID00249,UPSC Preparation Tips #486,2020-06-29,2331829,190813,9432,32814
VID00250,Top 10 Indian Street Foods #65,2023-01-12,2266060,94323,13629,31963
VID00251,Bollywood Dance Tutorial #289,2020-08-27,3902422,358421,46750,87377
VID00252,UPSC Preparation Tips #354,2020-11-28,3832283,191539,26421,103062
VID00253,Top 10 Indian Street Foods #466,2023-01-02,3016949,111961,1388,33803
VID00254,Learn Python in Hindi #57,2022-08-16,4496534,356320,38859,39755
VID00255,Learn Python in Hindi #335,2022-10-11,773128,37649,6865,14921
VID00256,IPL 2025 Final Highlights #52,2020-02-05,4044399,253035,10391,47941
VID00257,A Day in Mumbai #318,2020-11-22,2004020,145844,4891,19186
VID00258,Learn Python in Hindi #218,2023-05-21,696845,41750,646,7075
VID00259,Top 10 Indian Street Foods #40,2020-12-04,3704955,128436,14453,61614
VID00260,Bollywood Dance Tutorial #271,2022-10-30,567762,54282,5446,2890
VID00261,Cricket Bat Review #147,2022-11-20,4404602,162906,24147,101994
VID00262,Top 10 Indian Street Foods #63,2020-02-08,1570389,144275,17703,37108
VID00263,Bollywood Dance Tutorial #183,2023-08-31,4713023,261878,52123,115695
VID00264,Top 10 Indian Street Foods #28,2021-01-24,4766131,356569,47655,54304
VID00265,Bollywood Dance Tutorial #488,2024-02-04,1525386,107866,13161,19441
VID00266,UPSC Preparation Tips #165,2020-01-02,2644334,55569,1658,60176
VID00267,Top 10 Indian Street Foods #172,2022-11-11,1686916,98444,11108,29428
VID00268,Top 10 Indian Street Foods #33,2023-06-28,1147415,100503,15897,13742
VID00269,Cricket Bat Review #99,2021-01-30,3578702,324017,43515,97348
VID00270,Indian Train Journey Vlog #23,2020-04-21,626222,30923,4153,8074
VID00271,UPSC Preparation Tips #151,2023-03-03,2675373,235517,40974,61973
VID00272,Indian Train Journey Vlog #440,2020-08-26,2323192,172902,17929,50708
VID00273,Bollywood Dance Tutorial #468,2020-03-29,2455595,174135,6196,42508
VID00274,UPSC Preparation Tips #175,2021-05-23,1570191,55614,9302,36637
VID00275,Bollywood Dance Tutorial #286,2021-12-16,3849516,368473,34694,43604
VID00276,Top 10 Indian Street Foods #295,2020-07-19,4537836,170622,33140,93659
VID00277,South Indian Breakfast Recipes #193,2022-12-07,811549,30598,2679,21464
VID00278,IPL 2025 Final Highlights #30,2022-08-20,3182244,273262,33738,59816
VID00279,Learn Python in Hindi #36,2022-06-29,137738,7752,265,2719
VID00280,Learn Python in Hindi #118,2022-03-03,2073999,189485,35247,13132
VID00281,Learn Python in Hindi #172,2022-06-10,846903,82736,5631,8304
VID00282,Learn Python in Hindi #345,2024-11-23,4216591,111163,7909,96306
VID00283,South Indian Breakfast Recipes #392,2022-01-26,4698199,250789,12127,84531
VID00284,A Day in Mumbai #477,2023-01-18,3819481,276334,32218,29355
VID00285,Indian Train Journey Vlog #23,2021-02-19,195519,6677,449,3090
VID00286,IPL 2025 Final Highlights #56,2022-09-03,552276,45839,2242,14705
VID00287,A Day in Mumbai #347,2020-04-01,1534650,50642,6662,29865
VID00288,South Indian Breakfast Recipes #269,2022-02-11,1518262,122980,11129,24668
VID00289,Cricket Bat Review #287,2020-01-06,1426775,104202,9673,18981
VID00290,Top 10 Indian Street Foods #290,2022-08-14,3094930,302291,51229,24680
VID00291,Learn Python in Hindi #478,2021-06-22,4170986,386256,34656,119510
VID00292,UPSC Preparation Tips #118,2023-11-21,2109490,195250,4293,24418
VID00293,Cricket Bat Review #264,2023-02-07,4264445,194683,14564,115560
VID00294,Top 10 Indian Street Foods #290,2021-05-13,4885714,118815,14936,101827
VID00295,Bollywood Dance Tutorial #31,2021-04-05,3062631,136138,4695,21928
VID00296,Bollywood Dance Tutorial #481,2023-09-19,1126108,88292,6700,19788
VID00297,South Indian Breakfast Recipes #256,2024-04-28,1746933,108619,19586,24084
VID00298,Learn Python in Hindi #313,2020-01-04,97957,7708,909,2307
VID00299,A Day in Mumbai #190,2021-01-23,2945626,157474,28813,43017
VID00300,IPL 2025 Final Highlights #477,2020-10-11,977990,29486,5602,15690
VID00301,How to Make Paneer Tikka #259,2022-01-31,1957522,86843,13977,11289
VID00302,Cricket Bat Review #350,2023-06-24,2845029,249317,4657,16615
VID00303,IPL 2025 Final Highlights #421,2021-02-25,468026,13135,1140,10651
VID00304,Bollywood Dance Tutorial #287,2020-09-09,381408,17327,3041,9971
VID00305,IPL 2025 Final Highlights #399,2020-05-29,4740822,100171,3759,50325
VID00306,Top 10 Indian Street Foods #61,2023-07-28,660502,28522,4184,18985
VID00307,Indian Train Journey Vlog #360,2023-03-07,174407,13197,1685,3206
VID00308,IPL 2025 Final Highlights #124,2020-04-08,1858572,61798,10962,39317
VID00309,How to Make Paneer Tikka #267,2023-08-04,938539,24204,4012,22048
VID00310,Top 10 Indian Street Foods #300,2021-02-21,57762,4351,624,1294
VID00311,Bollywood Dance Tutorial #364,2021-08-18,634056,41707,7836,16577
VID00312,Bollywood Dance Tutorial #420,2023-06-05,2342834,145914,14072,50886
VID00313,South Indian Breakfast Recipes #37,2023-05-08,456984,37384,5852,11728
VID00314,Cricket Bat Review #391,2022-08-19,2810940,239279,38293,46522
VID00315,IPL 2025 Final Highlights #221,2022-11-07,3781802,364341,28755,28026
VID00316,How to Make Paneer Tikka #438,2023-06-15,3509570,120915,14091,74604
VID00317,UPSC Preparation Tips #275,2024-05-09,2250034,186902,10349,14820
VID00318,Top 10 Indian Street Foods #384,2022-11-14,365217,7804,482,9047
VID00319,IPL 2025 Final Highlights #108,2023-05-03,1499246,121940,2888,36621
VID00320,Learn Python in Hindi #228,2020-04-07,3479507,218329,35345,59074
VID00321,IPL 2025 Final Highlights #56,2024-10-29,3646690,74545,5596,90993
VID00322,UPSC Preparation Tips #311,2024-02-10,1504208,119949,4421,9502
VID00323,Cricket Bat Review #62,2022-11-29,1579272,136403,9680,32296
VID00324,IPL 2025 Final Highlights #428,2022-05-20,1334274,84986,4777,33091
VID00325,UPSC Preparation Tips #35,2021-07-18,1011427,67721,10881,25834
VID00326,Bollywood Dance Tutorial #488,2024-06-24,1221755,98056,2753,36487
VID00327,How to Make Paneer Tikka #296,2022-07-04,2128200,45635,2443,46526
VID00328,UPSC Preparation Tips #400,2021-01-05,1453085,103850,15265,18072
VID00329,UPSC Preparation Tips #469,2023-08-30,3906101,273927,38161,72096
VID00330,UPSC Preparation Tips #122,2024-07-17,3068848,94345,8490,27437
VID00331,Cricket Bat Review #83,2024-01-18,3396576,314415,39635,58748
VID00332,How to Make Paneer Tikka #424,2021-06-04,1179314,84471,3631,29413
VID00333,Bollywood Dance Tutorial #18,2021-05-16,4350474,269397,53669,68701
VID00334,A Day in Mumbai #454,2024-04-15,2148507,194694,30368,52549
VID00335,Top 10 Indian Street Foods #227,2021-02-04,3744732,83587,1171,57484
VID00336,A Day in Mumbai #381,2020-08-09,1210137,42018,6142,10067
VID00337,Cricket Bat Review #112,2022-09-16,528830,49644,677,13266
VID00338,Cricket Bat Review #135,2021-05-31,3569643,97158,4959,32173
VID00339,Bollywood Dance Tutorial #446,2021-02-28,2493500,176710,6570,67415
VID00340,A Day in Mumbai #411,2023-09-01,1111455,34321,1014,13198
VID00341,UPSC Preparation Tips #435,2021-10-13,1051437,45521,2723,15492
VID00342,Top 10 Indian Street Foods #238,2022-07-01,629542,61165,1651,10148
VID00343,UPSC Preparation Tips #359,2023-05-17,1211450,117143,9619,7622
VID00344,South Indian Breakfast Recipes #43,2022-01-04,2355655,163989,32431,33762
VID00345,Cricket Bat Review #448,2021-03-25,4348661,350039,55584,121596
VID00346,Cricket Bat Review #459,2023-05-02,3660455,227291,43174,44891
VID00347,Indian Train Journey Vlog #349,2022-02-16,3546407,94028,15368,72816
VID00348,South Indian Breakfast Recipes #290,2021-06-04,1471353,114273,22785,9876
VID00349,Indian Train Journey Vlog #450,2021-08-24,833372,29080,377,5741
VID00350,UPSC Preparation Tips #98,2023-02-13,1808295,138319,22444,25168
VID00351,How to Make Paneer Tikka #265,2024-10-05,4044793,124298,15536,21102
VID00352,Bollywood Dance Tutorial #143,2023-09-03,1779394,88765,5885,41574
VID00353,Indian Train Journey Vlog #149,2024-08-05,2008622,191245,22890,44142
VID00354,IPL 2025 Final Highlights #37,2024-05-02,1533051,146238,20727,9869
VID00355,Bollywood Dance Tutorial #302,2020-09-03,4309946,291778,34962,38639
VID00356,IPL 2025 Final Highlights #277,2022-11-10,4655484,200311,3196,104368
VID00357,Bollywood Dance Tutorial #107,2023-07-27,3035679,143381,13725,29532
VID00358,UPSC Preparation Tips #299,2024-10-27,3943422,89783,10622,41393
VID00359,Learn Python in Hindi #210,2023-02-12,1241540,97723,7475,35993
VID00360,A Day in Mumbai #307,2020-01-16,2336609,104417,16202,25994
VID00361,Bollywood Dance Tutorial #488,2022-03-20,785587,49210,8012,7763
VID00362,UPSC Preparation Tips #324,2024-02-22,4330447,267800,22761,77128
VID00363,How to Make Paneer Tikka #109,2022-06-23,3432866,297999,13726,97701
VID00364,Learn Python in Hindi #250,2022-10-28,4612092,300216,13886,59729
VID00365,Learn Python in Hindi #291,2023-10-12,1417607,120114,18939,28107
VID00366,Cricket Bat Review #306,2024-08-05,4901020,316323,15718,124995
VID00367,How to Make Paneer Tikka #274,2023-02-14,1971129,148768,24091,53541
VID00368,How to Make Paneer Tikka #204,2022-01-31,2681904,101071,16974,65352
VID00369,South Indian Breakfast Recipes #464,2023-11-03,1584578,39069,1646,24787
VID00370,Bollywood Dance Tutorial #405,2023-11-13,3993884,198281,13085,111501
VID00371,Top 10 Indian Street Foods #472,2022-04-13,548033,28940,716,8454
VID00372,UPSC Preparation Tips #394,2023-10-14,2530033,66241,3726,14686
VID00373,South Indian Breakfast Recipes #378,2023-09-06,4171870,346986,57819,100656
VID00374,Top 10 Indian Street Foods #104,2022-05-30,555573,45681,7980,15178
VID00375,Learn Python in Hindi #358,2021-11-25,3554119,197872,30683,64411
VID00376,Learn Python in Hindi #198,2024-09-28,1038273,75703,1907,25976
VID00377,Top 10 Indian Street Foods #136,2023-01-26,3863171,377340,37313,95576
VID00378,South Indian Breakfast Recipes #188,2020-04-11,1800836,49817,933,46588
VID00379,A Day in Mumbai #352,2021-12-25,1412502,99661,19353,19340
VID00380,Cricket Bat Review #47,2023-03-21,4901811,168775,30271,72508
VID00381,Top 10 Indian Street Foods #55,2021-07-23,4764637,194621,19418,33459
VID00382,South Indian Breakfast Recipes #120,2023-04-11,2189535,139708,26881,28018
VID00383,Top 10 Indian Street Foods #327,2024-11-23,889305,64468,9227,14391
VID00384,Indian Train Journey Vlog #59,2020-01-18,4737849,433043,33982,135951
VID00385,Learn Python in Hindi #57,2020-01-05,90043,1862,128,620
VID00386,Cricket Bat Review #60,2022-06-24,3676675,228274,2825,45261
VID00387,South Indian Breakfast Recipes #349,2024-06-17,1301559,108751,20664,7986
VID00388,IPL 2025 Final Highlights #143,2020-07-30,4042837,374822,69003,97970
VID00389,Bollywood Dance Tutorial #298,2023-11-07,1240196,101935,12568,9838
VID00390,A Day in Mumbai #349,2021-03-09,844334,38946,4135,11029
VID00391,Learn Python in Hindi #150,2023-06-14,2216163,128128,22414,23578
VID00392,Indian Train Journey Vlog #482,2020-05-13,1323949,88510,8038,19640
VID00393,Indian Train Journey Vlog #77,2022-12-20,1165253,58519,9923,26792
VID00394,Cricket Bat Review #205,2021-09-12,3541626,330395,43040,23922
VID00395,IPL 2025 Final Highlights #107,2022-01-10,2290780,65879,6413,49468
VID00396,Bollywood Dance Tutorial #408,2024-07-05,677853,38673,606,14597
VID00397,How to Make Paneer Tikka #427,2022-02-10,4695812,324706,55216,57868
VID00398,How to Make Paneer Tikka #409,2021-03-07,462920,29477,2166,8222
VID00399,IPL 2025 Final Highlights #68,2023-03-28,2598228,135181,21617,31814
VID00400,South Indian Breakfast Recipes #203,2022-05-08,359752,28952,2094,2496
VID00401,South Indian Breakfast Recipes #293,2023-03-14,3898584,164022,14969,62871
VID00402,How to Make Paneer Tikka #67,2022-05-17,4664870,352521,21531,132177
VID00403,A Day in Mumbai #441,2022-01-14,1269880,101132,18299,34057
VID00404,Top 10 Indian Street Foods #388,2020-03-18,3746414,111839,7664,92322
VID00405,Learn Python in Hindi #216,2022-08-12,468853,30620,1078,3977
VID00406,A Day in Mumbai #266,2022-05-08,4050080,119869,2026,46984
VID00407,How to Make Paneer Tikka #357,2022-05-03,1067871,38478,2746,28412
VID00408,Cricket Bat Review #494,2021-08-10,594522,24136,3184,7456
VID00409,Cricket Bat Review #360,2022-02-05,4442207,351007,64929,26793
VID00410,Learn Python in Hindi #26,2021-08-12,4290581,171022,25775,42730
VID00411,Indian Train Journey Vlog #308,2023-01-12,2399641,154826,21645,47891
VID00412,How to Make Paneer Tikka #197,2024-08-02,1552570,95888,7258,41226
VID00413,Learn Python in Hindi #423,2021-07-29,3304728,177412,9710,72419
VID00414,A Day in Mumbai #180,2022-05-14,3011897,80717,9647,31094
VID00415,Learn Python in Hindi #396,2023-11-20,115573,8553,1466,1187
VID00416,UPSC Preparation Tips #429,2024-05-06,459977,45336,472,9412
VID00417,South Indian Breakfast Recipes #114,2024-11-03,2125304,132653,5455,42162
VID00418,South Indian Breakfast Recipes #306,2021-06-26,1694102,39514,5387,9732
VID00419,Top 10 Indian Street Foods #364,2020-09-23,3648134,187441,28730,90425
VID00420,A Day in Mumbai #15,2022-10-25,4955981,425327,7462,146253
VID00421,South Indian Breakfast Recipes #246,2023-08-24,746991,16805,1845,17391
VID00422,Learn Python in Hindi #68,2021-03-13,2320002,221733,33883,59276
VID00423,Cricket Bat Review #138,2022-11-27,1722218,144497,5683,15902
VID00424,How to Make Paneer Tikka #107,2022-10-04,1791893,173134,24993,31015
VID00425,Top 10 Indian Street Foods #178,2020-04-28,3332036,170807,12163,86628
VID00426,South Indian Breakfast Recipes #65,2020-01-18,3453445,113473,20121,88888
VID00427,How to Make Paneer Tikka #81,2022-10-06,96229,2568,88,2530
VID00428,Bollywood Dance Tutorial #363,2020-12-28,3399840,172173,21040,68772
VID00429,Bollywood Dance Tutorial #284,2021-05-30,1733836,137716,13745,47573
VID00430,A Day in Mumbai #431,2020-11-18,2575875,64566,4381,27445
VID00431,A Day in Mumbai #48,2023-06-30,1117628,73629,5129,10973
VID00432,South Indian Breakfast Recipes #480,2021-12-29,2305332,148633,24350,32541
VID00433,Top 10 Indian Street Foods #220,2023-03-01,2017434,136273,6768,30847
VID00434,Indian Train Journey Vlog #159,2020-07-17,740926,65073,8282,15358
VID00435,South Indian Breakfast Recipes #456,2023-04-12,4333914,232853,6434,98304
VID00436,How to Make Paneer Tikka #27,2023-12-19,4038039,209968,6905,111819
VID00437,Learn Python in Hindi #145,2024-11-11,3439794,265985,45665,83975
VID00438,South Indian Breakfast Recipes #369,2020-06-16,883737,59713,2567,12923
VID00439,South Indian Breakfast Recipes #365,2023-07-25,4061910,202915,3301,22069
VID00440,Bollywood Dance Tutorial #471,2022-11-14,4828490,350468,68524,108022
VID00441,South Indian Breakfast Recipes #145,2023-02-06,3569736,290644,23595,88699
VID00442,Learn Python in Hindi #360,2022-11-19,1437586,140404,15958,42459
VID00443,IPL 2025 Final Highlights #364,2022-01-12,4985618,325685,25035,107316
VID00444,Cricket Bat Review #320,2021-11-21,1340205,131675,24332,34649
VID00445,IPL 2025 Final Highlights #87,2023-02-07,4893178,186760,11415,57201
VID00446,Cricket Bat Review #79,2020-05-12,2843744,92876,4676,33162
VID00447,Top 10 Indian Street Foods #179,2024-01-14,1086837,30920,6164,17882
VID00448,IPL 2025 Final Highlights #423,2020-07-31,1264090,51331,8127,15111
VID00449,South Indian Breakfast Recipes #325,2020-08-22,1182730,78066,9082,21827
VID00450,How to Make Paneer Tikka #352,2023-11-14,3045124,213753,22897,37101
VID00451,Bollywood Dance Tutorial #330,2021-04-27,3251721,135382,25133,90998
VID00452,Top 10 Indian Street Foods #40,2020-05-15,4322389,154181,12968,23142
VID00453,Learn Python in Hindi #57,2024-07-20,1528481,61038,2555,43959
VID00454,Cricket Bat Review #441,2023-11-30,4366873,174507,20295,120392
VID00455,Learn Python in Hindi #159,2022-12-19,897487,45918,906,12300
VID00456,IPL 2025 Final Highlights #33,2020-10-09,2475801,103954,19708,73547
VID00457,Cricket Bat Review #210,2021-08-04,1582259,40365,6585,43198
VID00458,UPSC Preparation Tips #378,2022-09-27,4662098,96386,12247,120132
VID00459,Indian Train Journey Vlog #337,2020-06-09,3327908,243991,24445,87407
VID00460,Cricket Bat Review #305,2023-04-11,1101314,91899,4136,32322
VID00461,IPL 2025 Final Highlights #193,2021-09-18,2994908,134518,18138,83344
VID00462,How to Make Paneer Tikka #245,2022-12-26,495717,48958,5829,12780
VID00463,How to Make Paneer Tikka #129,2020-04-10,1378127,46852,2569,7898
VID00464,A Day in Mumbai #189,2020-05-14,1915022,65307,10164,17774
VID00465,A Day in Mumbai #385,2024-04-24,1618253,142530,26688,46214
VID00466,How to Make Paneer Tikka #293,2024-07-26,4238720,114086,6034,27620
VID00467,IPL 2025 Final Highlights #364,2024-09-08,3768534,223033,7061,42477
VID00468,Learn Python in Hindi #219,2022-02-06,4156795,110755,10926,30336
VID00469,Top 10 Indian Street Foods #187,2021-04-26,464186,21728,1235,10623
VID00470,Top 10 Indian Street Foods #495,2024-04-16,4285697,205023,10409,60354
VID00471,A Day in Mumbai #237,2022-06-27,1040199,102753,16197,28038
VID00472,UPSC Preparation Tips #412,2020-07-04,4643413,116799,9273,106094
VID00473,Cricket Bat Review #145,2021-11-24,3263748,203240,21386,35721
VID00474,Bollywood Dance Tutorial #258,2022-11-15,3544724,92632,18490,46217
VID00475,IPL 2025 Final Highlights #240,2024-06-01,1935303,177365,8497,21495
VID00476,Indian Train Journey Vlog #154,2022-03-19,2213057,127187,13734,16621
VID00477,UPSC Preparation Tips #403,2023-01-26,3008694,241406,18633,45666
VID00478,Learn Python in Hindi #148,2024-11-02,1605430,55804,1401,33745
VID00479,IPL 2025 Final Highlights #38,2022-12-31,4343265,316981,42858,103787
VID00480,UPSC Preparation Tips #161,2022-12-01,4676882,435177,19938,60438
VID00481,Bollywood Dance Tutorial #263,2024-06-14,314497,13462,966,4629
VID00482,IPL 2025 Final Highlights #126,2023-06-23,1277813,122070,9925,21338
VID00483,Cricket Bat Review #322,2024-09-09,3433093,163109,20962,76081
VID00484,Learn Python in Hindi #162,2020-04-07,1919958,105014,13060,42912
VID00485,Cricket Bat Review #125,2022-11-28,1668008,64969,1582,47093
VID00486,Top 10 Indian Street Foods #395,2022-03-30,378599,19749,3466,8195
VID00487,Indian Train Journey Vlog #143,2024-11-08,2001045,199206,35187,14163
VID00488,IPL 2025 Final Highlights #5,2022-03-18,533438,14419,2593,3948
VID00489,Top 10 Indian Street Foods #395,2021-02-09,198853,11524,1034,2521
VID00490,How to Make Paneer Tikka #362,2021-03-24,1599964,111781,12318,44513
VID00491,Cricket Bat Review #206,2020-11-30,1247555,42884,1269,21470
VID00492,Indian Train Journey Vlog #168,2023-10-03,370763,25931,4590,8388
VID00493,Learn Python in Hindi #92,2020-01-26,4600753,150747,13192,82111
VID00494,A Day in Mumbai #27,2022-03-26,4114183,311371,61946,31867
VID00495,South Indian Breakfast Recipes #451,2022-12-21,3813890,112409,4038,94403
VID00496,Learn Python in Hindi #491,2022-12-05,3703689,227852,11345,74213
VID00497,Bollywood Dance Tutorial #373,2024-09-03,4348468,118685,8244,105289
VID00498,IPL 2025 Final Highlights #115,2020-05-29,541869,31065,6131,11538
VID00499,Indian Train Journey Vlog #342,2022-01-10,486254,42020,880,13878
VID00500,How to Make Paneer Tikka #267,2020-06-01,371774,8355,1468,6662
VID00501,Bollywood Dance Tutorial #306,2023-07-20,3798101,244030,34621,77048
VID00502,Cricket Bat Review #260,2021-07-01,4138756,359751,20140,65115
VID00503,Indian Train Journey Vlog #423,2024-11-21,2462981,214214,10675,73508
VID00504,UPSC Preparation Tips #285,2023-02-18,2670823,185930,21848,46944
VID00505,Top 10 Indian Street Foods #46,2023-03-31,4171520,229815,23124,73973
VID00506,Bollywood Dance Tutorial #122,2024-10-17,2183086,102975,13076,46491
VID00507,Top 10 Indian Street Foods #54,2023-12-27,4938466,107251,2387,120965
VID00508,How to Make Paneer Tikka #296,2023-03-28,735582,68813,5064,10927
VID00509,A Day in Mumbai #195,2021-10-06,3898560,362772,69085,19775
VID00510,South Indian Breakfast Recipes #251,2021-07-29,2594960,143242,4962,26934
VID00511,Indian Train Journey Vlog #449,2023-11-30,3211778,178552,16579,20751
VID00512,Indian Train Journey Vlog #366,2024-07-21,829436,80578,14591,23585
VID00513,Learn Python in Hindi #326,2023-02-20,1781783,153213,26788,50076
VID00514,Cricket Bat Review #281,2023-11-13,2628160,89131,14945,75184
VID00515,Bollywood Dance Tutorial #288,2022-01-26,4167646,344613,49271,36028
VID00516,How to Make Paneer Tikka #294,2022-05-13,223593,4606,727,1722
VID00517,South Indian Breakfast Recipes #171,2023-06-13,2414560,172758,25982,50144
VID00518,A Day in Mumbai #114,2022-01-15,1783283,53157,5397,22406
VID00519,Learn Python in Hindi #253,2020-04-07,4876045,472327,6456,141511
VID00520,Learn Python in Hindi #82,2023-08-04,4601897,181057,29451,79445
VID00521,Learn Python in Hindi #331,2024-03-13,1864069,164732,4998,24846
VID00522,Bollywood Dance Tutorial #212,2024-01-16,2060327,98806,4297,31934
VID00523,Indian Train Journey Vlog #302,2023-10-20,2953743,191449,14374,84324
VID00524,IPL 2025 Final Highlights #188,2022-03-14,4912311,233382,34855,78853
VID00525,Indian Train Journey Vlog #306,2020-11-09,4821639,264601,24817,68722
VID00526,Top 10 Indian Street Foods #75,2023-06-19,4813736,420012,63804,36414
VID00527,IPL 2025 Final Highlights #113,2021-01-23,3740486,245009,27907,57669
VID00528,A Day in Mumbai #344,2020-04-21,3560970,266960,25395,38655
VID00529,Top 10 Indian Street Foods #11,2020-03-31,4799494,434350,13127,47960
VID00530,Indian Train Journey Vlog #103,2023-05-30,1816663,121992,3202,44453
VID00531,Bollywood Dance Tutorial #279,2024-11-08,3612945,208680,36454,97041
VID00532,Bollywood Dance Tutorial #316,2021-03-01,1261211,40132,3870,23864
VID00533,Learn Python in Hindi #481,2022-11-12,1900629,50152,5605,45245
VID00534,IPL 2025 Final Highlights #150,2020-09-19,916085,42760,3486,8467
VID00535,UPSC Preparation Tips #351,2020-09-05,765017,23666,2409,14577
VID00536,Bollywood Dance Tutorial #426,2021-02-18,3061294,149859,28587,80871
VID00537,Indian Train Journey Vlog #437,2022-05-10,1334099,58547,1665,26021
VID00538,Bollywood Dance Tutorial #365,2022-03-31,4040194,287571,3732,98871
VID00539,Top 10 Indian Street Foods #314,2024-09-06,733879,56197,4306,9824
VID00540,IPL 2025 Final Highlights #442,2020-10-05,436061,16828,1595,9540
VID00541,A Day in Mumbai #151,2021-07-12,448120,16187,3152,10910
VID00542,IPL 2025 Final Highlights #51,2021-02-22,2869373,250437,21419,57550
VID00543,IPL 2025 Final Highlights #360,2020-07-15,2712520,92272,11451,13655
VID00544,Indian Train Journey Vlog #209,2024-11-28,758914,68699,4323,5364
VID00545,Indian Train Journey Vlog #132,2023-08-04,1989744,103716,8502,24253
VID00546,Learn Python in Hindi #83,2020-01-14,2188771,97754,9689,28356
VID00547,Top 10 Indian Street Foods #460,2023-09-19,2343152,140504,14979,14863
VID00548,Bollywood Dance Tutorial #327,2021-09-19,2291191,61399,7143,23540
VID00549,How to Make Paneer Tikka #132,2020-01-15,2313569,179052,14155,28863
VID00550,How to Make Paneer Tikka #2,2023-02-13,3670907,264969,43032,97951
VID00551,IPL 2025 Final Highlights #187,2024-03-04,3888629,191358,15408,78391
VID00552,Learn Python in Hindi #223,2020-01-01,2342144,91603,13444,44638
VID00553,Top 10 Indian Street Foods #17,2021-06-18,2273501,133309,11511,16438
VID00554,How to Make Paneer Tikka #334,2021-03-05,3465943,237434,43270,80594
VID00555,Indian Train Journey Vlog #84,2022-09-04,133873,11231,133,2399
VID00556,How to Make Paneer Tikka #64,2024-01-18,2141288,51456,1057,37739
VID00557,How to Make Paneer Tikka #351,2022-10-29,2721806,63426,2693,77527
VID00558,Learn Python in Hindi #199,2022-03-14,3387392,191354,5079,20641
VID00559,Bollywood Dance Tutorial #427,2022-02-19,2483790,220279,17368,64962
VID00560,Learn Python in Hindi #222,2022-02-09,1085061,61218,6812,17885
VID00561,Indian Train Journey Vlog #19,2022-10-24,1497301,86252,16727,26002
VID00562,How to Make Paneer Tikka #60,2021-05-07,284064,6102,179,3880
VID00563,Cricket Bat Review #56,2022-08-13,1122192,88207,2006,18242
VID00564,Top 10 Indian Street Foods #12,2024-11-02,1565724,47292,5913,13353
VID00565,Bollywood Dance Tutorial #7,2023-11-05,1747277,146010,18014,41946
VID00566,Bollywood Dance Tutorial #419,2020-04-18,4244784,410885,30213,54514
VID00567,Learn Python in Hindi #139,2021-05-03,2329358,169793,29381,57317
VID00568,South Indian Breakfast Recipes #37,2022-05-26,638451,54685,8513,16713
VID00569,Bollywood Dance Tutorial #52,2022-08-31,3174033,299894,56567,29114
VID00570,Bollywood Dance Tutorial #377,2020-08-09,2159177,76452,13013,47696
VID00571,Top 10 Indian Street Foods #262,2022-11-24,4908934,105849,12892,144819
VID00572,How to Make Paneer Tikka #326,2023-08-20,1967124,148028,18056,14222
VID00573,Bollywood Dance Tutorial #272,2021-09-19,3527734,128341,3448,88624
VID00574,A Day in Mumbai #34,2021-11-14,3005873,97418,8192,44998
VID00575,Learn Python in Hindi #153,2020-08-05,2250557,201177,9323,46176
VID00576,Bollywood Dance Tutorial #362,2021-07-13,3251239,101716,12201,19734
VID00577,A Day in Mumbai #220,2023-09-29,845136,21534,3477,18355
VID00578,UPSC Preparation Tips #38,2020-02-05,1720655,50349,5113,47491
VID00579,IPL 2025 Final Highlights #403,2023-09-27,4586398,327379,42341,112053
VID00580,Top 10 Indian Street Foods #107,2023-01-01,31038,757,84,596
VID00581,Cricket Bat Review #278,2024-09-17,4230485,312327,42502,83439
VID00582,Cricket Bat Review #459,2020-12-27,3875933,359449,33138,70131
VID00583,Indian Train Journey Vlog #320,2020-07-15,810682,74099,12558,4300
VID00584,IPL 2025 Final Highlights #234,2021-08-30,1474185,136266,15189,38270
VID00585,Bollywood Dance Tutorial #321,2024-07-01,3980191,258824,9532,33809
VID00586,UPSC Preparation Tips #18,2023-10-05,3132916,104493,8680,75705
VID00587,South Indian Breakfast Recipes #71,2023-08-07,2649137,152577,2537,24260
VID00588,IPL 2025 Final Highlights #479,2024-10-18,2566631,174859,11810,36218
VID00589,Bollywood Dance Tutorial #119,2021-07-05,1012680,31249,3397,8964
VID00590,IPL 2025 Final Highlights #368,2020-09-19,4497979,303941,40462,89176
VID00591,A Day in Mumbai #118,2023-11-12,4926316,234016,17930,54843
VID00592,South Indian Breakfast Recipes #479,2021-03-12,2281849,116837,10055,33505
VID00593,UPSC Preparation Tips #313,2021-12-31,2895153,209989,8507,16228
VID00594,Cricket Bat Review #498,2023-05-10,2399694,87445,5513,32290
VID00595,Cricket Bat Review #237,2020-09-08,1841831,174093,18675,25148
VID00596,A Day in Mumbai #453,2024-11-17,1771767,46119,5504,51669
VID00597,South Indian Breakfast Recipes #423,2024-05-13,1184524,45285,1308,15596
VID00598,How to Make Paneer Tikka #193,2022-12-02,3535825,100982,18024,19077
VID00599,South Indian Breakfast Recipes #482,2020-12-29,4951012,207771,21154,50905
VID00600,Top 10 Indian Street Foods #135,2022-09-17,4185851,257205,13292,34345
VID00601,A Day in Mumbai #43,2021-03-04,902723,66854,3702,7795
VID00602,How to Make Paneer Tikka #186,2022-11-23,1233519,49630,3553,28821
VID00603,How to Make Paneer Tikka #337,2022-07-18,3909566,85427,17059,74196
VID00604,Learn Python in Hindi #455,2020-06-05,1329908,75929,7291,26333
VID00605,Cricket Bat Review #12,2021-11-10,2103620,130713,18434,21388
VID00606,South Indian Breakfast Recipes #84,2021-12-09,2500187,187323,37065,74201
VID00607,Bollywood Dance Tutorial #360,2023-03-10,3337768,77537,8989,49661
VID00608,Top 10 Indian Street Foods #390,2020-10-08,88675,2804,459,870
VID00609,Indian Train Journey Vlog #143,2023-10-31,4900630,485850,76492,38022
VID00610,UPSC Preparation Tips #73,2023-02-14,736883,41970,1511,11788
VID00611,How to Make Paneer Tikka #337,2021-04-20,920055,41942,5043,11278
VID00612,Learn Python in Hindi #216,2022-02-28,1917447,123238,5497,36320
VID00613,Top 10 Indian Street Foods #379,2024-04-06,1280774,65914,10275,11151
VID00614,How to Make Paneer Tikka #392,2020-10-09,1679092,116340,19777,35265
VID00615,South Indian Breakfast Recipes #220,2021-10-03,2185366,135865,1892,44741
VID00616,Top 10 Indian Street Foods #79,2021-07-19,741723,31811,346,7001
VID00617,How to Make Paneer Tikka #285,2020-10-21,4449295,254846,25627,30748
VID00618,A Day in Mumbai #309,2022-12-14,414221,27479,5306,8664
VID00619,Top 10 Indian Street Foods #329,2020-04-29,2221269,135987,6713,58322
VID00620,UPSC Preparation Tips #177,2024-09-11,892088,64706,3298,22942
VID00621,Learn Python in Hindi #232,2024-03-02,906602,66709,5282,23895
VID00622,Cricket Bat Review #10,2020-07-04,1204512,74738,13547,19869
VID00623,A Day in Mumbai #238,2024-11-20,2919181,142987,3696,72568
VID00624,UPSC Preparation Tips #19,2023-04-01,3561572,146256,26215,99349
VID00625,A Day in Mumbai #300,2023-08-26,906349,28614,3536,19185
VID00626,Top 10 Indian Street Foods #278,2021-03-18,1835628,121434,8710,30580
VID00627,A Day in Mumbai #90,2024-12-03,3257012,248597,26090,40559
VID00628,Learn Python in Hindi #166,2023-01-24,1402258,28467,2146,22838
VID00629,UPSC Preparation Tips #164,2022-09-24,4451526,108513,21352,117200
VID00630,How to Make Paneer Tikka #63,2020-02-02,172858,4528,485,4531
VID00631,Top 10 Indian Street Foods #131,2023-10-24,1024751,66515,9205,23791
VID00632,Indian Train Journey Vlog #288,2021-07-19,1001142,99982,12510,27983
VID00633,Top 10 Indian Street Foods #96,2021-02-11,252337,7297,379,2021
VID00634,Indian Train Journey Vlog #316,2020-11-02,1626131,146824,7197,33182
VID00635,Indian Train Journey Vlog #120,2022-04-22,1944578,186760,19844,24031
VID00636,A Day in Mumbai #20,2021-09-28,2835234,161010,19399,68052
VID00637,Indian Train Journey Vlog #36,2024-03-22,4652802,398925,5885,31600
VID00638,Top 10 Indian Street Foods #342,2021-05-03,51116,4814,681,426
VID00639,Learn Python in Hindi #191,2023-09-10,839873,21350,732,21970
VID00640,Bollywood Dance Tutorial #281,2023-06-08,1951081,77293,9944,56250
VID00641,IPL 2025 Final Highlights #406,2023-08-22,3298373,325316,47473,95015
VID00642,IPL 2025 Final Highlights #259,2021-11-25,1479101,101893,4452,33300
VID00643,Top 10 Indian Street Foods #281,2020-11-08,2141508,164142,15393,63720
VID00644,Cricket Bat Review #11,2024-07-04,655960,25053,2360,9564
VID00645,A Day in Mumbai #361,2023-09-09,2061858,152439,13047,43779
VID00646,A Day in Mumbai #318,2020-11-10,4279269,228200,17869,47655
VID00647,Top 10 Indian Street Foods #278,2024-09-01,4796521,363834,13355,56425
VID00648,Learn Python in Hindi #390,2022-09-08,2667041,83195,2217,58330
VID00649,Learn Python in Hindi #97,2021-07-11,367872,9346,1796,8619
VID00650,Bollywood Dance Tutorial #207,2021-07-03,3537900,224085,12388,36081
VID00651,A Day in Mumbai #414,2021-03-25,951260,68658,1228,27063
VID00652,Top 10 Indian Street Foods #128,2021-02-08,2142101,109851,11389,30199
VID00653,A Day in Mumbai #470,2021-04-02,135763,8264,1639,2174
VID00654,Cricket Bat Review #356,2023-09-01,715635,38160,5980,13956
VID00655,Bollywood Dance Tutorial #431,2022-09-02,4756244,416724,59207,117563
VID00656,South Indian Breakfast Recipes #286,2020-11-21,1436018,34472,6610,19297
VID00657,Bollywood Dance Tutorial #94,2024-11-01,1120853,42066,4173,30800
VID00658,Bollywood Dance Tutorial #405,2023-03-29,1691630,63372,3744,26169
VID00659,Indian Train Journey Vlog #49,2020-01-15,680104,30422,1326,6305
VID00660,A Day in Mumbai #415,2022-04-13,716663,44889,963,20121
VID00661,South Indian Breakfast Recipes #237,2022-02-18,4775282,431276,9709,94488
VID00662,Bollywood Dance Tutorial #124,2023-12-24,1283603,26321,1951,34236
VID00663,IPL 2025 Final Highlights #326,2021-10-30,3003036,116972,10326,66183
VID00664,UPSC Preparation Tips #446,2021-04-07,252262,10566,2096,3080
VID00665,Bollywood Dance Tutorial #332,2023-05-20,3432547,208436,34799,44975
VID00666,Top 10 Indian Street Foods #113,2023-04-02,300370,24982,1623,2644
VID00667,South Indian Breakfast Recipes #40,2022-02-19,3813413,357380,53765,45842
VID00668,A Day in Mumbai #4,2024-07-05,1475719,141308,17182,12967
VID00669,Indian Train Journey Vlog #128,2024-01-10,2850533,263548,15718,37421
VID00670,Cricket Bat Review #298,2021-08-18,74523,5552,889,1526
VID00671,Top 10 Indian Street Foods #297,2024-10-15,721005,67758,2483,18554
VID00672,Indian Train Journey Vlog #181,2022-03-20,2779517,218016,14828,26388
VID00673,South Indian Breakfast Recipes #193,2023-01-02,4716880,233010,28824,30214
VID00674,Cricket Bat Review #495,2023-05-26,2400030,71860,13462,26609
VID00675,Indian Train Journey Vlog #331,2020-10-11,4433808,268529,2842,70364
VID00676,South Indian Breakfast Recipes #34,2021-12-08,4091661,209310,36007,60059
VID00677,Bollywood Dance Tutorial #483,2020-11-17,340828,13560,1754,9013
VID00678,Cricket Bat Review #245,2022-03-11,3330555,270061,21309,84135
VID00679,Learn Python in Hindi #162,2022-08-04,1945854,164357,13430,48095
VID00680,Indian Train Journey Vlog #30,2023-05-30,3427982,204474,23219,85398
VID00681,Top 10 Indian Street Foods #304,2022-09-10,3659127,204482,19371,35583
VID00682,Cricket Bat Review #341,2022-08-27,307117,14764,744,5784
VID00683,South Indian Breakfast Recipes #461,2024-06-29,533768,15075,2675,10040
VID00684,UPSC Preparation Tips #398,2023-09-15,3994474,242475,19607,65776
VID00685,South Indian Breakfast Recipes #80,2021-04-16,3634688,142804,17256,86627
VID00686,Cricket Bat Review #324,2020-12-28,2739664,66696,8549,68570
VID00687,Learn Python in Hindi #161,2022-07-26,1945777,178073,17141,29197
VID00688,Indian Train Journey Vlog #147,2024-03-25,1202078,86426,8892,16191
VID00689,IPL 2025 Final Highlights #401,2021-10-28,2774869,205835,28605,57472
VID00690,Learn Python in Hindi #437,2020-03-16,2356423,121527,2207,45566
VID00691,IPL 2025 Final Highlights #117,2023-08-17,3310671,245853,13896,21223
VID00692,Cricket Bat Review #78,2023-02-24,3153195,213931,32397,76594
VID00693,Learn Python in Hindi #284,2024-08-07,1378978,70547,1868,39791
VID00694,Bollywood Dance Tutorial #350,2022-12-26,1323041,122781,12581,9467
VID00695,Bollywood Dance Tutorial #424,2022-03-26,1409944,71630,10432,41712
VID00696,A Day in Mumbai #465,2024-11-03,3630196,349070,52639,93592
VID00697,Indian Train Journey Vlog #77,2022-09-15,2302264,99343,4184,32753
VID00698,South Indian Breakfast Recipes #52,2023-04-02,2393011,92633,1473,56952
VID00699,Learn Python in Hindi #36,2020-12-20,4939787,439885,7593,92114
VID00700,Cricket Bat Review #144,2021-05-03,3554536,335012,44170,31832
VID00701,Indian Train Journey Vlog #425,2020-06-26,1810704,98736,2566,52595
VID00702,South Indian Breakfast Recipes #116,2024-08-31,2739517,134588,8582,73472
VID00703,Learn Python in Hindi #78,2021-07-12,4229581,296516,5887,95388
VID00704,Top 10 Indian Street Foods #289,2020-10-02,3158459,171875,27362,27158
VID00705,Top 10 Indian Street Foods #282,2021-05-19,2822152,253496,32404,27207
VID00706,South Indian Breakfast Recipes #408,2022-01-31,842744,44799,5266,21702
VID00707,Bollywood Dance Tutorial #236,2024-10-13,1006089,66676,4657,15455
VID00708,A Day in Mumbai #379,2021-05-13,2072080,87068,5014,33892
VID00709,IPL 2025 Final Highlights #492,2024-03-27,2607862,163071,11589,46014
VID00710,Indian Train Journey Vlog #283,2023-12-22,3925842,123896,13562,111177
VID00711,How to Make Paneer Tikka #175,2024-08-25,1719966,100104,14933,38566
VID00712,Cricket Bat Review #374,2023-08-11,4414806,171076,10494,101476
VID00713,Cricket Bat Review #223,2020-02-13,3824923,297794,10867,20147
VID00714,IPL 2025 Final Highlights #159,2021-11-08,954636,54766,2812,28329
VID00715,Learn Python in Hindi #11,2020-11-04,1057638,66129,2379,12390
VID00716,Learn Python in Hindi #383,2023-01-23,2809187,265453,18258,36091
VID00717,Top 10 Indian Street Foods #193,2022-06-27,781033,71816,8341,15093
VID00718,A Day in Mumbai #356,2021-06-10,4407509,346977,20093,132109
VID00719,Indian Train Journey Vlog #45,2021-12-28,1954206,64770,1718,30431
VID00720,Indian Train Journey Vlog #30,2020-12-18,2007603,41626,3939,12127
VID00721,South Indian Breakfast Recipes #66,2021-09-29,4417685,160681,3229,31114
VID00722,A Day in Mumbai #69,2024-03-24,1494633,110190,10908,37840
VID00723,Top 10 Indian Street Foods #39,2024-03-05,4536981,388205,77412,68665
VID00724,South Indian Breakfast Recipes #26,2024-10-22,1764258,35545,1203,18738
VID00725,South Indian Breakfast Recipes #201,2022-02-12,403064,15769,1067,2561
VID00726,How to Make Paneer Tikka #219,2021-04-12,1292495,46820,1962,8385
VID00727,How to Make Paneer Tikka #336,2021-09-04,3163755,181905,12222,59016
VID00728,Cricket Bat Review #375,2023-03-08,3623136,100015,8827,22137
VID00729,Cricket Bat Review #397,2020-03-06,758103,61958,7339,16373
VID00730,Bollywood Dance Tutorial #208,2021-01-06,3550206,251667,42795,34378
VID00731,Indian Train Journey Vlog #431,2023-03-16,3166003,301179,12777,65303
VID00732,How to Make Paneer Tikka #115,2022-12-07,3131041,83968,840,50329
VID00733,Top 10 Indian Street Foods #29,2020-04-28,243226,9353,1234,2357
VID00734,IPL 2025 Final Highlights #239,2022-05-28,2266693,84490,4322,53744
VID00735,Indian Train Journey Vlog #253,2023-03-30,1083501,24093,2885,31592
VID00736,UPSC Preparation Tips #237,2024-11-21,206307,14459,1687,2156
VID00737,A Day in Mumbai #266,2023-08-13,2630186,226985,19850,59767
VID00738,A Day in Mumbai #65,2020-06-10,1083685,54040,619,24102
VID00739,Top 10 Indian Street Foods #129,2022-04-14,2149474,205406,33242,30132
VID00740,Top 10 Indian Street Foods #357,2021-10-15,874598,61401,5660,26129
VID00741,Learn Python in Hindi #307,2020-06-04,1802670,131105,26199,39304
VID00742,Indian Train Journey Vlog #77,2024-10-01,3239505,273043,5143,24835
VID00743,A Day in Mumbai #44,2020-09-25,3923790,233430,8196,94639
VID00744,Bollywood Dance Tutorial #307,2023-12-11,1007940,85050,13108,20977
VID00745,Cricket Bat Review #299,2020-02-29,2356424,161992,1879,62554
VID00746,Learn Python in Hindi #175,2021-05-25,2239194,89714,4001,49578
VID00747,How to Make Paneer Tikka #220,2022-11-02,4873363,298316,47411,100659
VID00748,Cricket Bat Review #335,2024-07-15,4508770,322043,27653,101358
VID00749,IPL 2025 Final Highlights #355,2020-05-02,1432154,34937,5699,42782
VID00750,Bollywood Dance Tutorial #60,2023-02-15,783215,49954,5784,5040
VID00751,Top 10 Indian Street Foods #370,2020-01-09,1743997,47906,7967,23901
VID00752,South Indian Breakfast Recipes #221,2024-01-17,75322,7062,1103,1430
VID00753,Learn Python in Hindi #277,2022-06-06,3835716,191967,9610,31292
VID00754,Top 10 Indian Street Foods #166,2021-03-29,700862,34602,2360,13790
VID00755,South Indian Breakfast Recipes #476,2022-03-13,1624845,92893,14696,16019
VID00756,Top 10 Indian Street Foods #225,2023-08-09,2240192,177605,15158,60018
VID00757,A Day in Mumbai #477,2021-08-05,2137995,131398,9388,38531
VID00758,South Indian Breakfast Recipes #218,2024-05-25,3655660,166108,14546,92021
VID00759,Indian Train Journey Vlog #322,2023-01-27,4074935,145117,5586,120423
VID00760,Indian Train Journey Vlog #101,2022-01-12,2292529,51086,1100,63089
VID00761,Indian Train Journey Vlog #103,2021-12-17,1023459,98480,6545,21226
VID00762,UPSC Preparation Tips #412,2020-06-02,4675542,421624,6931,56268
VID00763,Bollywood Dance Tutorial #228,2022-09-03,3839697,121181,2205,102577
VID00764,UPSC Preparation Tips #87,2021-10-02,1217107,105198,4544,18607
VID00765,Indian Train Journey Vlog #245,2022-08-27,1869472,171432,15821,43145
VID00766,Top 10 Indian Street Foods #255,2020-09-15,839030,20636,2133,20964
VID00767,Learn Python in Hindi #17,2020-12-28,3201286,127928,13363,23274
VID00768,Indian Train Journey Vlog #77,2024-06-15,4826309,349772,11958,31082
VID00769,A Day in Mumbai #140,2022-08-18,4936710,491536,59069,113717
VID00770,Cricket Bat Review #378,2022-03-22,3139711,225485,25897,34870
VID00771,Top 10 Indian Street Foods #271,2021-02-13,4036883,159423,7097,29490
VID00772,A Day in Mumbai #197,2021-10-16,3286864,291387,38334,21934
VID00773,Cricket Bat Review #494,2022-03-09,1056633,68739,3897,23937
VID00774,IPL 2025 Final Highlights #264,2021-06-23,602240,17506,3383,13439
VID00775,Cricket Bat Review #278,2023-07-16,1163536,69610,7866,6865
VID00776,UPSC Preparation Tips #170,2023-10-11,1065954,71349,10062,13917
VID00777,Indian Train Journey Vlog #434,2021-10-14,1027250,41921,5153,19452
VID00778,UPSC Preparation Tips #53,2023-01-06,1842683,52580,4536,33149
VID00779,Cricket Bat Review #47,2021-06-12,95674,5205,245,956
VID00780,IPL 2025 Final Highlights #397,2023-12-27,3894396,374893,26440,35842
VID00781,How to Make Paneer Tikka #163,2021-05-14,2913612,109389,16812,42766
VID00782,Indian Train Journey Vlog #485,2020-11-13,3656949,313702,6640,42432
VID00783,Learn Python in Hindi #178,2022-10-20,352707,33240,5966,5341
VID00784,A Day in Mumbai #255,2024-08-06,1808133,102601,14005,30423
VID00785,South Indian Breakfast Recipes #417,2021-09-06,477910,26664,2968,5182
VID00786,IPL 2025 Final Highlights #203,2020-08-25,1018239,96855,13236,17011
VID00787,A Day in Mumbai #65,2020-02-23,3780192,90274,8516,45307
VID00788,Learn Python in Hindi #432,2022-08-24,2826582,272465,12595,56945
VID00789,Bollywood Dance Tutorial #423,2024-02-04,4118241,252249,33399,119495
VID00790,A Day in Mumbai #96,2021-02-23,4257989,243236,45386,42505
VID00791,South Indian Breakfast Recipes #424,2022-05-10,4771631,373869,16008,104211
VID00792,Learn Python in Hindi #423,2020-05-25,2915212,146681,25997,23200
VID00793,South Indian Breakfast Recipes #410,2022-04-03,1533607,61587,9960,29634
VID00794,A Day in Mumbai #21,2022-05-11,4206750,307465,55863,96350
VID00795,IPL 2025 Final Highlights #357,2020-12-02,4592352,264167,17663,120101
VID00796,How to Make Paneer Tikka #66,2022-08-25,1422009,79670,7403,31395
VID00797,UPSC Preparation Tips #66,2021-08-08,927659,50704,5702,14016
VID00798,Learn Python in Hindi #112,2021-02-17,599106,34031,5394,8883
VID00799,UPSC Preparation Tips #101,2020-08-04,3468336,315375,35183,95651
VID00800,Learn Python in Hindi #11,2022-02-09,3504177,269925,53053,54875
VID00801,UPSC Preparation Tips #352,2024-06-18,685647,46366,3653,10824
VID00802,Cricket Bat Review #103,2022-10-12,2250759,64699,1471,16652
VID00803,Indian Train Journey Vlog #243,2021-06-26,1193991,57629,3089,22444
VID00804,South Indian Breakfast Recipes #267,2023-09-21,4490838,426922,25003,113765
VID00805,A Day in Mumbai #75,2024-03-25,1714115,127537,20703,43817
VID00806,How to Make Paneer Tikka #250,2024-08-07,748355,52973,1710,12105
VID00807,Learn Python in Hindi #94,2023-04-19,3179824,145077,3973,21075
VID00808,South Indian Breakfast Recipes #47,2022-02-20,4350674,339146,21289,54658
VID00809,Top 10 Indian Street Foods #291,2022-01-02,4416800,156850,17053,90311
VID00810,UPSC Preparation Tips #89,2021-02-28,4363440,358450,10120,31407
VID00811,UPSC Preparation Tips #126,2024-02-05,1310053,47226,5953,38888
VID00812,Bollywood Dance Tutorial #489,2021-10-20,3379349,330106,13664,55383
VID00813,Learn Python in Hindi #24,2021-09-06,1087692,53102,1807,15671
VID00814,IPL 2025 Final Highlights #317,2022-02-26,2613760,246360,3526,50147
VID00815,Learn Python in Hindi #65,2022-10-28,1309035,75855,4573,30010
VID00816,How to Make Paneer Tikka #57,2021-04-02,2775423,206619,16972,62745
VID00817,Learn Python in Hindi #102,2022-10-12,844440,42404,3542,14081
VID00818,Learn Python in Hindi #61,2020-09-12,1812,108,15,10
VID00819,Learn Python in Hindi #444,2024-03-31,1486880,61800,699,37739
VID00820,UPSC Preparation Tips #390,2020-07-10,4573138,440007,60078,30928
VID00821,Cricket Bat Review #264,2021-11-05,3283853,224099,3750,51455
VID00822,UPSC Preparation Tips #398,2020-08-19,1319007,80095,5380,25101
VID00823,How to Make Paneer Tikka #248,2020-04-30,4454001,238166,19259,118649
VID00824,UPSC Preparation Tips #481,2023-11-12,3883751,198957,5449,71937
VID00825,Cricket Bat Review #429,2021-06-21,3771646,159583,20840,40950
VID00826,A Day in Mumbai #241,2022-05-13,4378471,339223,44275,70081
VID00827,South Indian Breakfast Recipes #200,2022-01-26,3161686,314235,47916,76103
VID00828,UPSC Preparation Tips #124,2020-11-03,4952708,235032,38472,58642
VID00829,UPSC Preparation Tips #213,2022-03-04,1907962,82654,15098,22252
VID00830,Top 10 Indian Street Foods #173,2021-11-10,2050657,189403,24519,50067
VID00831,How to Make Paneer Tikka #329,2020-02-22,1648892,79892,8371,21251
VID00832,Indian Train Journey Vlog #302,2023-01-25,1822930,115471,13143,29793
VID00833,A Day in Mumbai #371,2024-11-21,797855,36700,5318,4492
VID00834,Top 10 Indian Street Foods #360,2020-11-04,3989326,237429,16357,65062
VID00835,UPSC Preparation Tips #10,2024-10-07,3099877,110130,14033,47481
VID00836,Indian Train Journey Vlog #340,2024-09-04,2928331,259070,37169,67153
VID00837,Bollywood Dance Tutorial #411,2022-04-09,3840495,196652,27288,71192
VID00838,IPL 2025 Final Highlights #443,2021-07-09,3088535,100016,2872,86536
VID00839,Indian Train Journey Vlog #418,2020-05-01,4825942,434851,49148,36974
VID00840,UPSC Preparation Tips #409,2022-02-26,4151897,354922,38046,76610
VID00841,A Day in Mumbai #500,2022-07-30,269969,22984,2231,6697
VID00842,A Day in Mumbai #152,2022-02-19,4328908,351557,37545,39901
VID00843,Top 10 Indian Street Foods #50,2022-09-09,1699837,128122,15778,45684
VID00844,Cricket Bat Review #302,2023-02-12,2416959,148285,20591,34496
VID00845,Learn Python in Hindi #366,2022-03-06,861655,29161,1014,22321
VID00846,UPSC Preparation Tips #49,2024-01-26,3124771,63921,4058,86702
VID00847,South Indian Breakfast Recipes #359,2021-10-31,856358,50965,7247,5770
VID00848,Indian Train Journey Vlog #204,2022-04-27,743732,45301,2175,16348
VID00849,Bollywood Dance Tutorial #134,2022-09-20,4093551,229737,27656,108063
VID00850,Bollywood Dance Tutorial #467,2022-05-30,4002779,153532,13844,94696
VID00851,UPSC Preparation Tips #170,2024-10-23,610509,22916,1187,11894
VID00852,Cricket Bat Review #347,2020-09-28,3235389,264518,23322,61523
VID00853,Bollywood Dance Tutorial #251,2021-08-05,1050121,35397,3259,27069
VID00854,Cricket Bat Review #184,2021-01-27,3491758,326200,26536,75582
VID00855,Top 10 Indian Street Foods #306,2024-07-27,69294,6407,896,2009
VID00856,South Indian Breakfast Recipes #355,2021-12-08,3317142,247669,8022,81605
VID00857,Learn Python in Hindi #177,2020-01-21,1165598,24851,1315,31438
VID00858,Learn Python in Hindi #84,2023-01-14,2213927,56510,10902,47461
VID00859,Cricket Bat Review #323,2023-10-27,997224,91014,13690,6739
VID00860,A Day in Mumbai #77,2024-04-07,32466,2130,283,204
VID00861,Top 10 Indian Street Foods #195,2024-08-06,3191542,122590,5327,34047
VID00862,Indian Train Journey Vlog #110,2022-08-26,4758200,461933,71220,88378
VID00863,Indian Train Journey Vlog #169,2022-11-30,2173164,200106,6969,37609
VID00864,IPL 2025 Final Highlights #84,2021-10-07,3026833,261836,42007,18630
VID00865,South Indian Breakfast Recipes #96,2023-12-13,4401423,326830,60943,62042
VID00866,UPSC Preparation Tips #486,2020-04-15,2622744,57319,1036,27835
VID00867,Bollywood Dance Tutorial #364,2021-09-26,611399,41962,4125,16896
VID00868,Learn Python in Hindi #184,2020-03-26,4511476,426105,36731,95456
VID00869,UPSC Preparation Tips #77,2020-06-19,3780804,171979,4420,100294
VID00870,How to Make Paneer Tikka #465,2023-02-17,1183378,72003,5337,28011
VID00871,Bollywood Dance Tutorial #26,2021-12-25,4810716,464051,48371,55958
VID00872,Indian Train Journey Vlog #11,2021-10-29,1430965,128540,24260,28753
VID00873,UPSC Preparation Tips #310,2021-06-22,635859,45211,2568,5450
VID00874,IPL 2025 Final Highlights #494,2024-09-20,1708441,40449,5284,19079
VID00875,Cricket Bat Review #432,2024-10-01,2396557,65257,2151,41538
VID00876,Top 10 Indian Street Foods #84,2023-11-17,4705430,125873,6499,59205
VID00877,Learn Python in Hindi #327,2023-08-31,3973456,172773,20478,63095
VID00878,Top 10 Indian Street Foods #73,2022-03-04,4466416,205323,27306,126507
VID00879,Learn Python in Hindi #492,2020-01-15,814386,69013,1753,13603
VID00880,Learn Python in Hindi #32,2020-10-20,2066657,171549,26157,29346
VID00881,Learn Python in Hindi #133,2024-09-30,3926545,113768,9726,53378
VID00882,Bollywood Dance Tutorial #361,2022-11-10,3533246,145627,16233,93566
VID00883,Learn Python in Hindi #27,2020-07-14,1446187,109173,19528,41220
VID00884,South Indian Breakfast Recipes #437,2020-02-12,4787189,384030,42642,113589
VID00885,UPSC Preparation Tips #296,2021-01-30,3350985,252183,4501,73318
VID00886,Indian Train Journey Vlog #107,2024-02-22,4469547,389505,20192,90551
VID00887,Learn Python in Hindi #89,2023-01-28,1771112,126672,17852,32865
VID00888,Learn Python in Hindi #315,2023-06-05,553855,21880,3614,6691
VID00889,South Indian Breakfast Recipes #320,2024-08-01,853676,26455,1141,19245
VID00890,Top 10 Indian Street Foods #247,2023-02-11,880845,79772,6630,24792
VID00891,Learn Python in Hindi #219,2020-08-20,4511290,111726,7656,59047
VID00892,IPL 2025 Final Highlights #343,2023-11-30,3929893,196085,26417,84993
VID00893,UPSC Preparation Tips #211,2022-12-14,2235236,160998,16695,38868
VID00894,Cricket Bat Review #298,2020-11-06,2586366,167635,21060,55789
VID00895,South Indian Breakfast Recipes #211,2020-09-19,2099432,54009,10573,31347
VID00896,IPL 2025 Final Highlights #298,2023-04-19,3596419,77955,1180,78766
VID00897,A Day in Mumbai #434,2020-08-09,4018816,192164,21868,28340
VID00898,UPSC Preparation Tips #155,2022-06-10,282429,5985,907,2173
VID00899,Cricket Bat Review #189,2024-04-18,4890131,140704,11313,108820
VID00900,How to Make Paneer Tikka #247,2023-09-22,3592614,277944,23637,76794
VID00901,IPL 2025 Final Highlights #392,2020-07-01,4817149,439177,51503,75836
VID00902,Cricket Bat Review #168,2020-01-09,2875517,226691,5223,84807
VID00903,Learn Python in Hindi #361,2022-04-10,3336420,126408,22405,39545
VID00904,South Indian Breakfast Recipes #61,2020-06-19,4381354,188771,18964,62113
VID00905,A Day in Mumbai #268,2022-01-10,4281696,345671,49524,24508
VID00906,How to Make Paneer Tikka #2,2020-12-13,4159559,374709,13070,54443
VID00907,A Day in Mumbai #306,2021-03-21,816989,56247,6088,17958
VID00908,Indian Train Journey Vlog #310,2022-12-24,211972,9298,138,5397
VID00909,Indian Train Journey Vlog #263,2021-02-04,2945358,181395,27383,15768
VID00910,UPSC Preparation Tips #148,2021-10-28,1104899,65092,11710,29559
VID00911,UPSC Preparation Tips #472,2023-01-15,2897699,161195,16958,38003
VID00912,A Day in Mumbai #201,2024-11-29,1234649,97837,9192,26178
VID00913,A Day in Mumbai #298,2022-09-23,787172,17836,717,22357
VID00914,Learn Python in Hindi #309,2021-10-10,4083986,142548,16454,21368
VID00915,Cricket Bat Review #474,2022-11-10,4457622,191269,10534,118425
VID00916,IPL 2025 Final Highlights #371,2020-08-25,4574023,278737,36488,38456
VID00917,Top 10 Indian Street Foods #220,2023-05-18,779220,62420,3226,19614
VID00918,Cricket Bat Review #167,2020-07-31,1120999,95889,1093,16854
VID00919,Top 10 Indian Street Foods #188,2022-03-21,893213,78411,2180,12856
VID00920,A Day in Mumbai #132,2022-02-21,3281394,175707,22766,51876
VID00921,Learn Python in Hindi #364,2023-12-03,1189458,35414,1897,11177
VID00922,UPSC Preparation Tips #355,2022-11-15,3971742,394854,5054,75093
VID00923,IPL 2025 Final Highlights #366,2022-10-20,2420548,83913,9388,48849
VID00924,Top 10 Indian Street Foods #313,2022-05-18,4194642,310861,57332,113040
VID00925,South Indian Breakfast Recipes #377,2024-09-27,2866654,188208,5827,52943
VID00926,South Indian Breakfast Recipes #259,2021-04-10,3235476,103616,10972,34257
VID00927,Cricket Bat Review #232,2020-02-16,186789,11702,909,4081
VID00928,Learn Python in Hindi #446,2021-11-24,3825396,290348,52129,74577
VID00929,Cricket Bat Review #87,2024-08-09,2481630,210436,24052,31745
VID00930,Cricket Bat Review #72,2021-06-26,958751,20047,1787,16836
VID00931,Bollywood Dance Tutorial #14,2024-03-07,4161969,84933,9028,52888
VID00932,Top 10 Indian Street Foods #244,2022-05-24,4243221,334501,9896,124299
VID00933,Bollywood Dance Tutorial #364,2022-12-26,2603935,122896,1630,20400
VID00934,IPL 2025 Final Highlights #48,2022-01-14,4957334,195327,7169,128668
VID00935,Cricket Bat Review #492,2024-10-07,1574539,66437,8876,46709
VID00936,A Day in Mumbai #120,2022-08-28,1589466,101876,5756,20614
VID00937,A Day in Mumbai #287,2020-07-06,426040,31201,2004,3797
VID00938,Indian Train Journey Vlog #127,2020-11-16,1307439,41026,915,27725
VID00939,UPSC Preparation Tips #383,2021-04-15,3976525,215044,28027,105259
VID00940,Learn Python in Hindi #302,2024-11-15,4045859,297781,51191,28348
VID00941,Indian Train Journey Vlog #175,2021-03-30,4943497,220083,18791,70719
VID00942,Learn Python in Hindi #206,2022-05-03,3903596,117745,5851,80321
VID00943,Top 10 Indian Street Foods #154,2023-05-07,2601536,94050,11671,75992
VID00944,Bollywood Dance Tutorial #219,2022-01-04,1695666,89471,6599,13151
VID00945,South Indian Breakfast Recipes #368,2023-04-27,193934,15158,243,3369
VID00946,Learn Python in Hindi #130,2024-12-05,3125192,176784,28660,64610
VID00947,A Day in Mumbai #267,2021-07-18,4869171,126075,13378,30344
VID00948,Top 10 Indian Street Foods #340,2021-01-09,114275,5408,326,987
VID00949,UPSC Preparation Tips #276,2020-08-23,3633115,330158,20443,45589
VID00950,Learn Python in Hindi #401,2021-11-18,2537472,138768,19945,56265
VID00951,Learn Python in Hindi #349,2023-06-20,1564345,101359,19741,22917
VID00952,Indian Train Journey Vlog #385,2021-07-31,3687538,323873,23268,23148
VID00953,UPSC Preparation Tips #328,2020-12-07,887923,27284,5052,21636
VID00954,Learn Python in Hindi #306,2023-10-31,4681941,352650,17167,100126
VID00955,Bollywood Dance Tutorial #90,2021-11-24,2820090,170861,24457,58853
VID00956,South Indian Breakfast Recipes #206,2022-09-11,2563321,252469,9439,73945
VID00957,A Day in Mumbai #20,2023-09-12,3255706,239346,31741,86842
VID00958,How to Make Paneer Tikka #276,2024-11-02,4986104,184762,8792,117903
VID00959,Indian Train Journey Vlog #411,2022-11-11,4086827,292352,24159,23338
VID00960,UPSC Preparation Tips #337,2021-08-02,4283481,163196,7241,85404
VID00961,UPSC Preparation Tips #439,2020-02-01,4666059,212676,37155,26432
VID00962,Cricket Bat Review #267,2024-11-16,3651830,234300,33788,56327
VID00963,A Day in Mumbai #301,2023-02-01,3814727,82034,14190,39916
VID00964,South Indian Breakfast Recipes #322,2020-02-13,708680,54671,9955,19329
VID00965,IPL 2025 Final Highlights #140,2021-12-16,1292869,127172,15844,25605
VID00966,Indian Train Journey Vlog #385,2021-01-13,1334831,55728,10119,11433
VID00967,Top 10 Indian Street Foods #64,2024-07-22,1687103,34076,3041,35570
VID00968,A Day in Mumbai #67,2021-01-13,3494941,277038,27973,79624
VID00969,South Indian Breakfast Recipes #451,2024-01-04,1952429,116560,10300,11134
VID00970,South Indian Breakfast Recipes #450,2023-09-04,4437643,120871,17995,44417
VID00971,Bollywood Dance Tutorial #226,2022-09-22,3119265,103434,18272,71237
VID00972,Bollywood Dance Tutorial #127,2022-11-14,3337537,273600,37265,67385
VID00973,Top 10 Indian Street Foods #27,2021-12-17,2664891,89373,15708,38696
VID00974,Top 10 Indian Street Foods #481,2021-12-23,4269541,368618,27876,24755
VID00975,Bollywood Dance Tutorial #414,2024-09-12,209994,15875,961,3943
VID00976,How to Make Paneer Tikka #372,2024-03-20,3714191,117214,18947,95318
VID00977,IPL 2025 Final Highlights #467,2022-04-03,2632820,65850,4527,17611
VID00978,How to Make Paneer Tikka #347,2022-12-23,871918,63502,5031,25688
VID00979,South Indian Breakfast Recipes #499,2024-04-04,3506406,202169,12539,76690
VID00980,Indian Train Journey Vlog #342,2020-11-02,231610,22185,3272,5310
VID00981,South Indian Breakfast Recipes #373,2020-12-16,3905859,323669,27672,60801
VID00982,UPSC Preparation Tips #53,2023-06-08,1970966,166841,5445,15151
VID00983,Top 10 Indian Street Foods #476,2021-08-29,3467912,90642,5178,64528
VID00984,Top 10 Indian Street Foods #238,2022-09-29,3239614,135894,15088,33644
VID00985,Bollywood Dance Tutorial #491,2023-07-30,4591767,251168,45572,42215
VID00986,IPL 2025 Final Highlights #393,2020-11-08,2812139,86192,11437,74690
VID00987,Cricket Bat Review #432,2020-03-30,4252379,235634,31005,43611
VID00988,IPL 2025 Final Highlights #112,2021-04-05,4202758,272235,48675,114289
VID00989,Top 10 Indian Street Foods #63,2021-05-04,852477,78191,4879,23273
VID00990,IPL 2025 Final Highlights #255,2021-04-19,978672,25306,1331,21975
VID00991,A Day in Mumbai #448,2022-08-10,4118263,378079,20883,117927
VID00992,How to Make Paneer Tikka #319,2024-01-23,2909260,61529,5734,79304
VID00993,UPSC Preparation Tips #355,2021-03-25,1780521,120014,6166,14710
VID00994,Top 10 Indian Street Foods #346,2021-07-14,566805,21192,2111,13515
VID00995,Cricket Bat Review #160,2022-09-15,2256240,109170,1743,66832
VID00996,How to Make Paneer Tikka #10,2020-01-22,3400280,210008,2635,39970
VID00997,Indian Train Journey Vlog #64,2023-11-22,1892109,96466,4485,39869
VID00998,Learn Python in Hindi #472,2024-03-17,717706,71570,8569,5055
VID00999,IPL 2025 Final Highlights #461,2020-04-25,3631123,342828,59985,107747
VID01000,IPL 2025 Final Highlights #487,2023-06-20,482616,44000,8206,5398
VID01001,How to Make Paneer Tikka #174,2021-03-20,3523964,139047,5843,83619
VID01002,Bollywood Dance Tutorial #97,2020-12-12,3856306,277430,38085,21549
VID01003,IPL 2025 Final Highlights #27,2023-08-07,1088148,33836,5610,24767
VID01004,Top 10 Indian Street Foods #151,2020-11-13,3017326,204426,35913,16311
VID01005,Learn Python in Hindi #469,2024-08-09,3845716,80512,5713,81909
VID01006,Learn Python in Hindi #94,2021-01-14,113756,8378,1518,2391
VID01007,A Day in Mumbai #18,2022-08-02,2456590,99151,12239,36706
VID01008,Indian Train Journey Vlog #334,2021-05-20,2775014,243799,25701,45614
VID01009,UPSC Preparation Tips #403,2021-03-17,2747927,132015,13372,18952
VID01010,Indian Train Journey Vlog #384,2022-05-03,3879351,80093,12773,103550
VID01011,Top 10 Indian Street Foods #453,2020-12-27,2418662,163718,9216,57453
VID01012,Learn Python in Hindi #311,2020-01-08,4914833,107945,7213,114256
VID01013,How to Make Paneer Tikka #401,2020-05-19,574857,15657,183,7374
VID01014,A Day in Mumbai #334,2020-07-21,292634,16032,2230,8765
VID01015,How to Make Paneer Tikka #144,2020-12-16,841286,41846,1226,19440
VID01016,Indian Train Journey Vlog #338,2024-11-22,3802737,190758,26775,85006
VID01017,A Day in Mumbai #114,2022-06-15,3442272,102050,16318,51147
VID01018,Bollywood Dance Tutorial #274,2022-06-08,1679704,167510,17325,16576
VID01019,How to Make Paneer Tikka #12,2024-05-22,1839884,175229,10581,46163
VID01020,Cricket Bat Review #21,2023-01-10,2186275,149975,27115,20699
VID01021,Indian Train Journey Vlog #329,2024-07-10,2359329,156527,17386,35177
VID01022,Learn Python in Hindi #281,2020-07-10,4855632,310494,36436,66926
VID01023,South Indian Breakfast Recipes #261,2020-07-28,1424301,115645,11896,32217
VID01024,Top 10 Indian Street Foods #484,2020-05-11,4994780,241583,35640,120859
VID01025,Cricket Bat Review #321,2020-06-30,4184596,207889,23514,107453
VID01026,A Day in Mumbai #190,2021-09-08,1215813,116377,17397,26430
VID01027,How to Make Paneer Tikka #241,2021-03-13,273400,13198,1263,2052
VID01028,Learn Python in Hindi #157,2024-05-30,3230962,312690,3934,89049
VID01029,How to Make Paneer Tikka #371,2023-07-17,3980881,247354,19357,112292
VID01030,South Indian Breakfast Recipes #334,2023-11-08,2064501,147425,2019,43013
VID01031,Top 10 Indian Street Foods #132,2021-04-28,919753,88667,17266,25433
VID01032,UPSC Preparation Tips #410,2023-06-25,4034961,354629,6415,107830
VID01033,Learn Python in Hindi #99,2023-05-07,3520208,297380,43997,19562
VID01034,IPL 2025 Final Highlights #59,2022-09-07,1587728,137029,4738,26524
VID01035,Bollywood Dance Tutorial #248,2021-03-19,3897686,352013,60060,81006
VID01036,UPSC Preparation Tips #257,2020-08-16,4092978,298340,47677,77477
VID01037,UPSC Preparation Tips #12,2023-10-31,353037,29793,5259,10199
VID01038,UPSC Preparation Tips #408,2020-03-06,1727937,38044,5750,11993
VID01039,IPL 2025 Final Highlights #401,2024-05-22,2370726,158470,21473,52198
VID01040,How to Make Paneer Tikka #164,2023-06-15,4088001,178623,12122,59594
VID01041,South Indian Breakfast Recipes #53,2020-02-12,487033,23223,964,12507
VID01042,Cricket Bat Review #419,2024-08-05,958012,52606,7772,6786
VID01043,IPL 2025 Final Highlights #141,2021-08-02,3657786,202124,3180,99943
VID01044,Bollywood Dance Tutorial #227,2023-03-18,872334,64473,8915,10080
VID01045,Learn Python in Hindi #470,2020-10-06,703108,31266,3600,14294
VID01046,Learn Python in Hindi #451,2024-06-06,3070338,173089,4448,75825
VID01047,Bollywood Dance Tutorial #103,2024-04-12,3091920,167589,29131,59453
VID01048,Bollywood Dance Tutorial #140,2021-03-24,1630092,66815,5611,33997
VID01049,UPSC Preparation Tips #251,2020-09-24,158238,14752,1877,4211
VID01050,Indian Train Journey Vlog #315,2021-10-10,2271802,195719,9918,60256
VID01051,Top 10 Indian Street Foods #65,2023-05-02,235621,7135,147,4780
VID01052,Bollywood Dance Tutorial #373,2024-10-06,516795,28316,5195,6606
VID01053,UPSC Preparation Tips #450,2020-08-11,4689288,452515,54337,109441
VID01054,Indian Train Journey Vlog #217,2023-01-03,1468706,95134,4444,37962
VID01055,Learn Python in Hindi #420,2022-01-02,3654895,180137,24387,84448
VID01056,Indian Train Journey Vlog #258,2021-11-26,1986431,146728,10337,43266
VID01057,Indian Train Journey Vlog #71,2020-10-04,1597377,134182,2109,32717
VID01058,A Day in Mumbai #366,2023-08-13,81676,2790,545,2358
VID01059,Cricket Bat Review #266,2024-07-28,1532320,142396,14962,24730
VID01060,Learn Python in Hindi #280,2023-05-30,3374274,321767,37182,17374
VID01061,How to Make Paneer Tikka #6,2022-05-27,615826,53838,4426,3585
VID01062,Indian Train Journey Vlog #479,2021-10-19,880624,52662,3517,18501
VID01063,How to Make Paneer Tikka #71,2020-05-13,4697910,429715,41298,103590
VID01064,IPL 2025 Final Highlights #291,2023-10-23,641073,15425,988,7450
VID01065,Top 10 Indian Street Foods #250,2023-07-25,1405788,122463,2400,31646
VID01066,A Day in Mumbai #223,2022-03-18,282928,12051,527,7086
VID01067,Bollywood Dance Tutorial #95,2024-08-22,1606384,115080,10396,27929
VID01068,Cricket Bat Review #106,2021-07-08,3813802,238864,24649,85921
VID01069,UPSC Preparation Tips #27,2023-06-16,339724,22316,1994,7024
VID01070,Bollywood Dance Tutorial #88,2024-04-11,4906330,367896,27901,27587
VID01071,A Day in Mumbai #491,2022-11-23,3547561,274464,8933,94098
VID01072,Bollywood Dance Tutorial #401,2022-01-01,1136004,56168,9592,27994
VID01073,A Day in Mumbai #48,2021-03-26,1807906,157795,30175,21622
VID01074,Top 10 Indian Street Foods #48,2022-02-27,1874624,108162,1394,36217
VID01075,South Indian Breakfast Recipes #383,2024-11-10,1665486,40625,1920,19977
VID01076,Learn Python in Hindi #234,2024-08-19,168098,12739,1787,3290
VID01077,Cricket Bat Review #306,2021-11-15,4780072,296037,8431,55434
VID01078,South Indian Breakfast Recipes #122,2022-11-13,3688485,238912,40374,39524
VID01079,Indian Train Journey Vlog #145,2020-10-26,83363,2616,273,1233
VID01080,Cricket Bat Review #339,2023-10-26,3916803,327189,4422,39064
VID01081,UPSC Preparation Tips #284,2023-08-10,1743638,43126,5735,36782
VID01082,Indian Train Journey Vlog #74,2023-11-28,1269768,59778,2466,15866
VID01083,UPSC Preparation Tips #443,2020-09-03,1300962,92600,2644,8617
VID01084,How to Make Paneer Tikka #308,2021-03-18,4597729,105022,13986,38172
VID01085,How to Make Paneer Tikka #311,2021-04-29,2908277,106285,2072,87125
VID01086,Learn Python in Hindi #182,2021-09-07,2804170,150428,27011,41903
VID01087,Cricket Bat Review #439,2024-04-03,360806,8289,1429,4973
VID01088,Learn Python in Hindi #18,2020-03-17,4849346,404377,37533,60616
VID01089,UPSC Preparation Tips #410,2024-03-13,1918678,177272,24098,35498
VID01090,IPL 2025 Final Highlights #81,2024-06-21,3407005,158513,18223,32564
VID01091,Learn Python in Hindi #405,2024-06-30,2351971,203185,15586,59523
VID01092,UPSC Preparation Tips #454,2024-02-22,2776315,276349,12814,32447
VID01093,How to Make Paneer Tikka #415,2024-03-21,2592247,188305,29720,56708
VID01094,Top 10 Indian Street Foods #383,2023-01-02,539692,12960,353,4743
VID01095,Learn Python in Hindi #84,2024-01-24,3576427,253117,15534,57887
VID01096,Top 10 Indian Street Foods #152,2022-07-30,4195930,341630,37851,100602
VID01097,Indian Train Journey Vlog #220,2021-06-07,1907701,175880,7736,30875
VID01098,Indian Train Journey Vlog #15,2020-11-13,554935,31613,437,9351
VID01099,Learn Python in Hindi #267,2020-05-01,680477,40437,3102,19478
VID01100,Learn Python in Hindi #60,2023-05-14,4545291,190360,10687,28973
VID01101,Bollywood Dance Tutorial #48,2022-02-13,2595997,185492,31818,32243
VID01102,A Day in Mumbai #200,2022-11-10,1552578,47959,4669,42438
VID01103,Learn Python in Hindi #202,2022-11-24,1554546,58512,5275,16745
VID01104,Learn Python in Hindi #313,2023-02-24,586255,13133,1887,8206
VID01105,Cricket Bat Review #61,2022-08-10,2492880,61966,7085,66644
VID01106,South Indian Breakfast Recipes #180,2021-12-23,1981064,48664,1323,56962
VID01107,Indian Train Journey Vlog #31,2023-05-05,2443901,127812,25489,29925
VID01108,Top 10 Indian Street Foods #195,2022-07-10,3563782,141705,20596,33441
VID01109,How to Make Paneer Tikka #451,2023-05-11,3362105,317532,52942,30669
VID01110,How to Make Paneer Tikka #413,2024-08-04,345891,17347,947,2899
VID01111,South Indian Breakfast Recipes #165,2023-01-17,4267615,315165,17603,77055
VID01112,Learn Python in Hindi #170,2023-06-15,2891811,139086,10011,71070
VID01113,How to Make Paneer Tikka #94,2020-03-26,4318508,262656,33064,122033
VID01114,Learn Python in Hindi #28,2024-11-21,4933113,154738,3476,50318
VID01115,Indian Train Journey Vlog #480,2023-01-30,1948240,104255,8544,41906
VID01116,UPSC Preparation Tips #133,2024-03-04,1768918,135673,24341,19793
VID01117,How to Make Paneer Tikka #471,2022-04-11,1052837,56038,3697,17374
VID01118,South Indian Breakfast Recipes #280,2021-01-16,4515601,442170,82928,25925
VID01119,South Indian Breakfast Recipes #489,2023-10-07,2028747,137108,2190,34808
VID01120,IPL 2025 Final Highlights #88,2023-01-07,330910,31233,1189,3799
VID01121,Cricket Bat Review #383,2024-07-05,3087026,79213,12399,76285
VID01122,Bollywood Dance Tutorial #420,2020-10-07,4149582,299133,46230,40101
VID01123,UPSC Preparation Tips #479,2024-05-14,4113221,234585,42188,90996
VID01124,Top 10 Indian Street Foods #201,2020-05-15,374995,36242,3212,7318
VID01125,Top 10 Indian Street Foods #335,2021-06-03,3008355,151612,23511,55766
VID01126,A Day in Mumbai #16,2020-08-13,1597562,82800,4205,42559
VID01127,Top 10 Indian Street Foods #319,2020-02-03,1596412,113026,10209,8949
VID01128,Cricket Bat Review #374,2022-05-12,2836109,83401,11970,73455
VID01129,IPL 2025 Final Highlights #156,2020-04-28,2802610,193436,30478,71153
VID01130,South Indian Breakfast Recipes #338,2024-01-01,2898167,218833,20431,78005
VID01131,UPSC Preparation Tips #201,2020-11-04,1638665,105482,2702,40552
VID01132,South Indian Breakfast Recipes #498,2020-03-04,4892554,366803,47361,88264
VID01133,UPSC Preparation Tips #267,2020-02-19,2496140,115317,22333,72195
VID01134,Cricket Bat Review #21,2022-07-28,3589647,254211,4355,37023
VID01135,Top 10 Indian Street Foods #477,2020-04-15,2408455,220645,4180,29314
VID01136,UPSC Preparation Tips #249,2024-11-14,3089114,120685,7223,69498
VID01137,A Day in Mumbai #300,2020-05-18,2816397,248098,17838,36676
VID01138,IPL 2025 Final Highlights #140,2023-10-27,151956,8682,416,3559
VID01139,Learn Python in Hindi #16,2024-06-26,2788406,188271,25833,64137
VID01140,Indian Train Journey Vlog #101,2024-06-14,3366110,289147,26454,28605
VID01141,Indian Train Journey Vlog #17,2024-02-25,1019183,43371,3969,16896
VID01142,UPSC Preparation Tips #433,2024-03-11,676108,59055,8010,19867
VID01143,Learn Python in Hindi #74,2023-07-30,3224026,297343,36839,22162
VID01144,Learn Python in Hindi #396,2023-11-13,3479785,232929,29595,58485
VID01145,Indian Train Journey Vlog #20,2020-04-25,2422843,234195,33720,33151
VID01146,South Indian Breakfast Recipes #215,2024-03-13,1556336,70592,13230,37095
VID01147,IPL 2025 Final Highlights #308,2021-04-05,2776528,264220,47968,72956
VID01148,Bollywood Dance Tutorial #495,2022-08-10,4813207,425632,31280,62900
VID01149,Indian Train Journey Vlog #96,2021-09-17,1181155,62851,4722,13021
VID01150,A Day in Mumbai #325,2020-08-03,3069771,144101,10026,21411
VID01151,Learn Python in Hindi #349,2020-06-03,2635398,227419,17617,62792
VID01152,Bollywood Dance Tutorial #244,2021-10-13,2644669,242110,21988,55316
VID01153,How to Make Paneer Tikka #235,2023-01-28,3013732,247038,26261,80208
VID01154,IPL 2025 Final Highlights #417,2023-12-17,3136262,198575,26162,65808
VID01155,Top 10 Indian Street Foods #30,2024-02-15,3355642,232491,23861,85653
VID01156,Bollywood Dance Tutorial #199,2022-12-20,1218580,113621,2345,32668
VID01157,Bollywood Dance Tutorial #279,2023-09-18,4342351,97539,2574,101250
VID01158,South Indian Breakfast Recipes #101,2022-05-01,3939192,320121,42097,88180
VID01159,How to Make Paneer Tikka #397,2022-02-19,216974,6398,805,4475
VID01160,Cricket Bat Review #262,2020-08-04,3836691,130236,5440,49095
VID01161,Cricket Bat Review #17,2021-11-11,3004670,285817,4734,35566
VID01162,South Indian Breakfast Recipes #93,2024-01-14,2527833,182822,33184,52539
VID01163,How to Make Paneer Tikka #226,2022-08-01,4884315,323590,46316,54639
VID01164,Bollywood Dance Tutorial #84,2023-06-10,3160947,193126,25075,44458
VID01165,Learn Python in Hindi #365,2020-07-21,2508631,200873,27081,56103
VID01166,Bollywood Dance Tutorial #28,2020-11-06,1944581,148068,11177,31412
VID01167,Top 10 Indian Street Foods #262,2021-01-29,1413437,111449,18626,10835
VID01168,IPL 2025 Final Highlights #340,2022-04-30,3423568,115388,16938,55911
VID01169,Indian Train Journey Vlog #300,2022-02-24,4176067,305247,27294,47443
VID01170,A Day in Mumbai #109,2022-09-07,648941,14539,2075,16585
VID01171,Learn Python in Hindi #334,2020-08-17,4753066,398201,77161,122656
VID01172,Cricket Bat Review #330,2022-08-03,1197619,102345,17837,31293
VID01173,Cricket Bat Review #352,2024-03-17,1344667,129633,11304,16709
VID01174,Cricket Bat Review #256,2020-07-24,3057178,259746,24003,91617
VID01175,Learn Python in Hindi #406,2020-02-16,1294620,88548,14660,12349
VID01176,Top 10 Indian Street Foods #94,2022-07-20,4610913,214010,6629,109758
VID01177,A Day in Mumbai #193,2020-07-12,4022121,139125,13093,57791
VID01178,A Day in Mumbai #291,2023-02-11,761787,38971,1711,15572
VID01179,A Day in Mumbai #447,2023-06-04,2584166,132011,11213,34433
VID01180,A Day in Mumbai #341,2024-01-12,2208188,134114,21567,49360
VID01181,Top 10 Indian Street Foods #309,2022-12-29,3532641,234049,3332,25029
VID01182,Indian Train Journey Vlog #216,2021-10-05,351031,27668,3168,9121
VID01183,Top 10 Indian Street Foods #113,2024-06-04,1955481,112131,7814,54294
VID01184,UPSC Preparation Tips #340,2022-06-01,2340299,230026,8517,12092
VID01185,A Day in Mumbai #57,2020-05-29,4818134,308213,4768,104999
VID01186,Indian Train Journey Vlog #468,2023-06-04,1643604,150513,21226,24183
VID01187,A Day in Mumbai #193,2020-11-10,870886,39320,7714,11939
VID01188,How to Make Paneer Tikka #77,2020-05-10,4714078,250495,44462,26633
VID01189,Learn Python in Hindi #38,2024-02-13,2404513,220865,21078,63461
VID01190,South Indian Breakfast Recipes #66,2024-11-07,696767,49921,1615,3698
VID01191,South Indian Breakfast Recipes #467,2022-02-13,3017548,300473,44513,39804
VID01192,Cricket Bat Review #197,2022-08-16,1868057,69236,9824,36551
VID01193,Learn Python in Hindi #14,2021-05-02,504727,23380,364,9356
VID01194,IPL 2025 Final Highlights #401,2021-06-30,1112655,38113,2243,11727
VID01195,Learn Python in Hindi #486,2022-11-10,2880728,173618,12817,34931
VID01196,South Indian Breakfast Recipes #155,2023-04-22,4821157,303016,47118,35690
VID01197,Bollywood Dance Tutorial #220,2024-05-11,2595396,206928,37015,17339
VID01198,IPL 2025 Final Highlights #125,2024-03-28,3746287,353218,55850,104845
VID01199,Learn Python in Hindi #103,2021-12-16,4734843,424658,69051,24699
